When they try to blame Floyd's death on Trump.,reddit,https://www.reddit.com/r/Republican/comments/h8ejzx/when_they_try_to_blame_floyds_death_on_trump/,2020-06-13
"Trump Just Got Democrats to Defend a Criminal, Anarchist Mob",reddit,https://www.reddit.com/r/Republican/comments/h87h2f/amazing_trump_just_got_democrats_to_defend_a/,2020-06-13
GOP Senators ask Trump to keep immigrants,reddit,https://www.reddit.com/r/Republican/comments/h8e8vz/gop_senators_ask_trump_to_keep_immigrants/,2020-06-13
Trump delays Tulsa rally until June 20 over ‘Juneteenth’ concerns,reddit,https://www.reddit.com/r/Republican/comments/h824x0/trump_delays_tulsa_rally_until_june_20_over/,2020-06-13
DNI Ratcliffe Declassification of 'Annex A' Shows How the FBI Tried to Sandbag President Trump Using the Steele Dossier,reddit,https://www.reddit.com/r/Republican/comments/h7dgmy/dni_ratcliffe_declassification_of_annex_a_shows/,2020-06-12
Biden says military will escort Trump from White House if he loses and refuses to leave,reddit,https://www.reddit.com/r/Republican/comments/h188ib/biden_says_military_will_escort_trump_from_white/,2020-06-11
Biden Rips Facebook For Treatment of Trump,reddit,https://www.reddit.com/r/Republican/comments/h14foi/biden_rips_facebook_for_treatment_of_trump/,2020-06-11
"Trump To Hold Campaign Rally Next Week In OK, Followed By FL, AZ, NC",reddit,https://www.reddit.com/r/Republican/comments/h0oha6/hes_back_trump_to_hold_campaign_rally_next_week/,2020-06-11
George P. Bush says he'll vote for Trump in 2020 election,reddit,https://www.reddit.com/r/Republican/comments/gzynjr/george_p_bush_says_hell_vote_for_trump_in_2020/,2020-06-09
"Tax Dollars At Work: NPR Trashes GOP as Enabling Trump's ""Proto-Authoritarian Cult""",reddit,https://www.reddit.com/r/Republican/comments/h05ovs/tax_dollars_at_work_npr_trashes_gop_as_enabling/,2020-06-10
"Historic First: Under Trump, Half Of National Security Council Leaders Are Women",reddit,https://www.reddit.com/r/Republican/comments/h09txx/historic_first_under_trump_half_of_national/,2020-06-10
Trump Announces Rallies Will Return and the Media Suddenly Remember Pandemic,reddit,https://www.reddit.com/r/Republican/comments/gznh1b/trump_announces_rallies_will_return_and_the_media/,2020-06-09
Trump to resume 'Make America Great Again' campaign rallies this month,reddit,https://www.reddit.com/r/Republican/comments/gzcd3i/trump_to_resume_make_america_great_again_campaign/,2020-06-09
Trump's 'Regulatory Bill of Rights' hasn't gotten much attention — but it should,reddit,https://www.reddit.com/r/Republican/comments/gznmjj/trumps_regulatory_bill_of_rights_hasnt_gotten/,2020-06-09
First time voter: Why should I vote for President Trump?,reddit,https://www.reddit.com/r/Republican/comments/gz7bip/first_time_voter_why_should_i_vote_for_president/,2020-06-08
Puts into perspective the “outrage” about Trump’s “actions”,reddit,https://www.reddit.com/r/Republican/comments/gz4kyo/puts_into_perspective_the_outrage_about_trumps/,2020-06-08
We Didn’t Hire Donald Trump To Be A Uniter,reddit,https://www.reddit.com/r/Republican/comments/gzkh1s/we_didnt_hire_donald_trump_to_be_a_uniter/,2020-06-09
"President Trump & Retired Generals: Chorus of Complaints, Falsehoods & Partisan Appeals",reddit,https://www.reddit.com/r/Republican/comments/gyznys/president_trump_retired_generals_chorus_of/,2020-06-08
[Serious] What speech is President Trump’s Gettysburg Address?,reddit,https://www.reddit.com/r/Republican/comments/gyz25y/serious_what_speech_is_president_trumps/,2020-06-08
Police killings of unarmed Black Americans down 42.86% in Trump's first 3 years in office compared to Obama's last 3 years,reddit,https://www.reddit.com/r/Republican/comments/gxs3e9/police_killings_of_unarmed_black_americans_down/,2020-06-06
"82-year-old veteran 'violently attacked' over support for Trump, police say",reddit,https://www.reddit.com/r/Republican/comments/gye7xk/82yearold_veteran_violently_attacked_over_support/,2020-06-07
Study denouncing Trump's antimalarial drugs cure was faked.,reddit,https://www.reddit.com/r/Republican/comments/gxtkm7/study_denouncing_trumps_antimalarial_drugs_cure/,2020-06-06
Rasmussen's Likely Black Voter Approval Numbers for Trump Are Astonishing,reddit,https://www.reddit.com/r/Republican/comments/gxskgi/rasmussens_likely_black_voter_approval_numbers/,2020-06-06
Ivanka Trump calls out cancel culture after her commencement speech is canceled,reddit,https://www.reddit.com/r/Republican/comments/gxy5bs/ivanka_trump_calls_out_cancel_culture_after_her/,2020-06-06
A Very Real Silent Majority Will Reelect Trump.,reddit,https://www.reddit.com/r/Republican/comments/gx9y77/a_very_real_silent_majority_will_reelect_trump/,2020-06-05
Wake Up: President Trump Slams Governor Of Maine For Destroying The Fishing Industry,reddit,https://www.reddit.com/r/Republican/comments/gxdp82/wake_up_president_trump_slams_governor_of_maine/,2020-06-05
"Grassley holds up key Trump nominations, demands White House explain inspector general firings",reddit,https://www.reddit.com/r/Republican/comments/gwyk4r/grassley_holds_up_key_trump_nominations_demands/,2020-06-05
Twitter removes Trump campaign tribute to George Floyd claiming copyright complaint,reddit,https://www.reddit.com/r/Republican/comments/gwxoxx/twitter_removes_trump_campaign_tribute_to_george/,2020-06-05
"Needing Budget Aid, Newsom, Cuomo Mute Trump Criticism",reddit,https://www.reddit.com/r/Republican/comments/gvvhg4/needing_budget_aid_newsom_cuomo_mute_trump/,2020-06-03
George Floyd Houston Protest:Tear Gas Was Not Used To Clear Protesters For Trump @Park Police,reddit,https://www.reddit.com/r/Republican/comments/gw2usg/george_floyd_houston_protesttear_gas_was_not_used/,2020-06-03
What’s Trump Got To Do With The George Floyd Riots?,reddit,https://www.reddit.com/r/Republican/comments/gvq8li/whats_trump_got_to_do_with_the_george_floyd_riots/,2020-06-03
Trump vs the cities - Progressive leadership is destroying urban America,reddit,https://www.reddit.com/r/Republican/comments/gvmruo/trump_vs_the_cities_progressive_leadership_is/,2020-06-03
"Yes, Trump Can Use Military To Quell Spreading Riots — And He Should, If States, Cities Fail To Do The Job",reddit,https://www.reddit.com/r/Republican/comments/gvr3h7/yes_trump_can_use_military_to_quell_spreading/,2020-06-03
"Trump voters far more enthusiastic than Biden supporters, poll finds",reddit,https://www.reddit.com/r/Republican/comments/gvhei3/trump_voters_far_more_enthusiastic_than_biden/,2020-06-02
"Michigan Democratic Party chairwoman: 'If you support Donald Trump, you are a racist'",reddit,https://www.reddit.com/r/Republican/comments/gvchlf/michigan_democratic_party_chairwoman_if_you/,2020-06-02
"Anarchy In AOC’s District As She Mocks Trump For Wanting To Restore Law and Order: NYPD Officer Allegedly Hit By Car, Another Officer Beaten On Sidewalk, Multiple Fires Burning In Streets, Sidewalks [VIDEO]",reddit,https://www.reddit.com/r/Republican/comments/gve20y/anarchy_in_aocs_district_as_she_mocks_trump_for/,2020-06-02
Trump's war on social media bias might turn out to be his greatest accomplishment,reddit,https://www.reddit.com/r/Republican/comments/gvbhar/trumps_war_on_social_media_bias_might_turn_out_to/,2020-06-02
"In a Final, Desperate Attempt to Stop Trump, the Left Insists that White Supremacists Are to Blame for Riots",reddit,https://www.reddit.com/r/Republican/comments/gu5t1u/in_a_final_desperate_attempt_to_stop_trump_the/,2020-05-31
"Dueling claims: Trump blames Antifa for riots, Minnesota officials point fingers at white supremacists and cartels",reddit,https://www.reddit.com/r/Republican/comments/gu5hd0/dueling_claims_trump_blames_antifa_for_riots/,2020-05-31
Chicago mayor tells Trump 'F-U' after tweet about Minneapolis looting,reddit,https://www.reddit.com/r/Republican/comments/gtfhq3/chicago_mayor_tells_trump_fu_after_tweet_about/,2020-05-30
Donald Trump Reelection a Much Tougher Road Than Most Think,reddit,https://www.reddit.com/r/Republican/comments/gtdguh/donald_trump_reelection_a_much_tougher_road_than/,2020-05-30
People criticizing Trump for saying ‘thugs’ have apparently forgotten that Obama called the 2015 Baltimore riot looters ‘thugs’ too.,reddit,https://www.reddit.com/r/Republican/comments/gsyy9f/people_criticizing_trump_for_saying_thugs_have/,2020-05-29
Trump's China Trade War Could Lead to Xi's Destruction,reddit,https://www.reddit.com/r/Republican/comments/gt3q12/trumps_china_trade_war_could_lead_to_xis/,2020-05-29
"GOP opens up new front in Big Tech censorship fight, hitting Reddit for killing 'The Donald' pro-Trump forum",reddit,https://www.reddit.com/r/Republican/comments/gsdl8i/gop_opens_up_new_front_in_big_tech_censorship/,2020-05-28
"By creating and bumping up negative stories about Trump On Reddit, we are too nice to do that.",reddit,https://www.reddit.com/r/Republican/comments/gib09l/the_moderators_in_rpoliticalhumour_didnt_seem_to/,2020-05-12
"FACT CHECK: No, Trump Did Not Tell People To ‘Inject Themselves With Disinfectant’ Or ‘Drink Bleach’",reddit,https://www.reddit.com/r/Republican/comments/g7ctbf/fact_check_no_trump_did_not_tell_people_to_inject/,2020-04-24
And a trump supporter.,reddit,https://www.reddit.com/r/Democrat/comments/gxkqyv/im_drunk_amais_this_the_right_place_for_that_and/,2020-06-06
Trump this week.,reddit,https://www.reddit.com/r/Democrat/comments/gvuze7/trump_this_week/,2020-06-03
5 Simple Truths that Prove Trump Does Not Represent America,reddit,https://www.reddit.com/r/Democrat/comments/gasvnw/5_simple_truths_that_prove_trump_does_not/,2020-04-30
You Can Pay Attention To Those Trump vs. Biden Polls.,reddit,https://www.reddit.com/r/Democrat/comments/ga3tn9/you_can_pay_attention_to_those_trump_vs_biden/,2020-04-29
I voted for trump last election.,reddit,https://www.reddit.com/r/Democrat/comments/g0szvq/i_voted_for_trump_last_election_not_happy_with/,2020-04-13
Who is presidenting while Trump campaigns?,reddit,https://www.reddit.com/r/Democrat/comments/f73lp7/who_is_presidenting_while_trump_campaigns/,2020-02-21
Trump,reddit,https://www.reddit.com/r/Democrat/comments/f50jm8/trump/,2020-02-17
Trump made America great for many.,reddit,https://www.reddit.com/r/Democrat/comments/f3ucuh/theres_now_a_record_number_of_401k_and_ira/,2020-02-14
Report: Trump tougher than Obama on embassy attacks.,reddit,https://www.reddit.com/r/Democrat/comments/ek5jbn/report_trump_tougher_than_obama_on_embassy_attacks/,2020-01-05
TL/DR Trump made us safer.,reddit,https://www.reddit.com/r/Democrat/comments/ejpmgu/planned_attacks_on_us_targets_spurred_soleimani/,2020-01-04
Trump’s Plan to Criminalize Homelessness Is Taking Shape,reddit,https://www.reddit.com/r/Democrat/comments/eekyy3/trumps_plan_to_criminalize_homelessness_is_taking/,2019-12-23
Trump having his revenge on California as he remakes once-liberal 9th Circuit court,reddit,https://www.reddit.com/r/Democrat/comments/eegrzr/trump_having_his_revenge_on_california_as_he/,2019-12-23
Horrifying impeach trump video by Democrats,reddit,https://www.reddit.com/r/Democrat/comments/ee42it/horrifying_impeach_trump_video_by_democrats/,2019-12-22
Incoming Trump homelessness czar has a history of evidence-free and dubious claims about his success,reddit,https://www.reddit.com/r/Democrat/comments/e9xth2/incoming_trump_homelessness_czar_has_a_history_of/,2019-12-13
Trump's Impeachment,reddit,https://www.reddit.com/r/Democrat/comments/e71jya/trumps_impeachment/,2019-12-06
Consultant who wanted to ban feeding homeless people appointed Trump's homelessness czar,reddit,https://www.reddit.com/r/Democrat/comments/e6c13v/consultant_who_wanted_to_ban_feeding_homeless/,2019-12-05
Why do you think Trump is a bad president?,reddit,https://www.reddit.com/r/Democrat/comments/dw7dfy/why_do_you_think_trump_is_a_bad_president/,2019-11-14
Testimony Horrible for Trump,reddit,https://www.reddit.com/r/Democrat/comments/dvxxnu/testimony_horrible_for_trump/,2019-11-13
The New Geography of American Immigration - the unexpected ways immigration is changing in the era of Trump,reddit,https://www.reddit.com/r/Democrat/comments/dj1gkn/the_new_geography_of_american_immigration_the/,2019-10-17
Former Republican elector who refused to cast ballot for Trump now running for congress as a Democrat in Texas,reddit,https://www.reddit.com/r/Democrat/comments/dg7dqu/former_republican_elector_who_refused_to_cast/,2019-10-11
"Throwing lots of allegations at Trump over Russia, or teasing new bombshells that didn't deliver, allowed the GOP to sow public confusion and focus on the weakest charges.",reddit,https://www.reddit.com/r/Democrat/comments/d8yihe/nate_silvers_lessons_for_dems_on_impeachment_be/,2019-09-25
When you don’t understand how President Trump negotiated a successful Mexico border deal without sending pallets of cash,reddit,https://www.reddit.com/r/Democrat/comments/by8yvf/when_you_dont_understand_how_president_trump/,2019-06-08
"Joe Biden, Primary Donald Trump As A Republican - SOME MORE NEWS",reddit,https://www.reddit.com/r/Democrat/comments/bwrmcc/joe_biden_primary_donald_trump_as_a_republican/,2019-06-04
"Obstruction Aside, Trump Should Be Impeached Over Yemen",reddit,https://www.reddit.com/r/Democrat/comments/bwl0ta/obstruction_aside_trump_should_be_impeached_over/,2019-06-04
"Holy shit, I just read Trump's organization has been barred from doing business in 109 countries",reddit,https://www.reddit.com/r/Democrat/comments/bhmr6b/holy_shit_i_just_read_trumps_organization_has/,2019-04-26
"Trump, Russia, Possible Collusion - A fitting throwback",reddit,https://www.reddit.com/r/Democrat/comments/bf9ede/trump_russia_possible_collusion_a_fitting/,2019-04-20
Ocasio-Cortez says she will sign Trump impeachment resolution,reddit,https://www.reddit.com/r/Democrat/comments/berwu7/ocasiocortez_says_she_will_sign_trump_impeachment/,2019-04-18
Tucker: Trump calls Democrats' bluff on illegal immigrants,reddit,https://www.reddit.com/r/Democrat/comments/bcqpfj/tucker_trump_calls_democrats_bluff_on_illegal/,2019-04-13
"""MASSIVE: Trump appoints key judges in 9th circuit which now just tilted away from liberal leaning to conservative leaning A massive victory for our country!",reddit,https://www.reddit.com/r/Democrat/comments/b8tjgc/massive_trump_appoints_key_judges_in_9th_circuit/,2019-04-03
"Thank you @realDonaldTrump""",reddit,https://www.reddit.com/r/Democrat/comments/b8tjgc/massive_trump_appoints_key_judges_in_9th_circuit/,2019-04-03
Trump at 51% approval on Rasmussen today and trending up.,reddit,https://www.reddit.com/r/Democrat/comments/b8qqyk/trump_at_51_approval_on_rasmussen_today_and/,2019-04-02
"Trump, Russia, Possible Collusion (REMIX)",reddit,https://www.reddit.com/r/Democrat/comments/b69rb1/trump_russia_possible_collusion_remix/,2019-03-27
"Exclusive — Rand Paul: Need to Determine if Barack Obama, Loretta Lynch Were in on Spying on Donald Trump Campaign",reddit,https://www.reddit.com/r/Democrat/comments/b69qht/exclusive_rand_paul_need_to_determine_if_barack/,2019-03-27
Democrats are conspiring to reelect Trump,reddit,https://www.reddit.com/r/Democrat/comments/b4hsmz/democrats_are_conspiring_to_reelect_trump/,2019-03-23
"Mexico president talks US investment with Trump son in law: it ""advances toward an agreement that would have the U.S. government guarantee some $10 billion in development investments for Mexico and Central America.""",reddit,https://www.reddit.com/r/Democrat/comments/b3nq3q/mexico_president_talks_us_investment_with_trump/,2019-03-21
"Beto omits the part where the shooter shits on Trump ""As a policy maker and leader?",reddit,https://www.reddit.com/r/Democrat/comments/b2plob/beto_omits_the_part_where_the_shooter_shits_on/,2019-03-18
Trump Proposes E-Cigarette User Fee to Combat Youth Usage,reddit,https://www.reddit.com/r/Democrat/comments/azxkr4/trump_proposes_ecigarette_user_fee_to_combat/,2019-03-11
Toomey bill to limit Trump’s tariff power gaining support,reddit,https://www.reddit.com/r/Democrat/comments/axq2jz/toomey_bill_to_limit_trumps_tariff_power_gaining/,2019-03-05
"On Jan 15, 2019 this bill was signed by President Trump and passed into law.",reddit,https://www.reddit.com/r/Democrat/comments/auyv7u/hr_2408_and_s_1580_protecting_girls_access_to/,2019-02-26
Looking for a trump quote...,reddit,https://www.reddit.com/r/Democrat/comments/aqtf4r/looking_for_a_trump_quote/,2019-02-15
State of the Union: Democrat Women Give Trump Standing Ovation | Breitbart,reddit,https://www.reddit.com/r/Democrat/comments/anni65/state_of_the_union_democrat_women_give_trump/,2019-02-06
Get Wrecked: Special Counsel's Office Issues Rare Statement Debunking Trump-Russia BuzzFeed Story,reddit,https://www.reddit.com/r/Democrat/comments/ahheiz/get_wrecked_special_counsels_office_issues_rare/,2019-01-19
"DEM Sen. Joe Manchin steps up, apologizes to ‘ALL Americans’ for Rashida Tlaib’s ‘motherf**ker’ remark to POTUS Trump",reddit,https://www.reddit.com/r/Democrat/comments/adbilq/dem_sen_joe_manchin_steps_up_apologizes_to_all/,2019-01-06
Comedian: Trump Fans More Tolerant Than College Kids,reddit,https://www.reddit.com/r/Democrat/comments/acxmom/comedian_trump_fans_more_tolerant_than_college/,2019-01-05
This week is backwards: Trump did 6 praiseworthy deeds and conservative reps are eager to give $$$ to the gov.,reddit,https://www.reddit.com/r/Democrat/comments/a8g5iw/this_week_is_backwards_trump_did_6_praiseworthy/,2018-12-22
"SENSATIONAL US General calls out Trump and his #jackassery,",reddit,https://www.reddit.com/r/Democrat/comments/9yp76y/sensational_us_general_calls_out_trump_and_his/,2018-11-20
"Trump is ""very unhappy with the Fed because Obama had zero interest rates.""",reddit,https://www.reddit.com/r/Democrat/comments/9s44um/trump_is_very_unhappy_with_the_fed_because_obama/,2018-10-28
Joe Manchin: Democrats were 'wrong' to sit for Trump's speech,reddit,https://www.reddit.com/r/Democrat/comments/7ujban/joe_manchin_democrats_were_wrong_to_sit_for/,2018-02-01
Trump surge traps Democrats in ‘resistance’,reddit,https://www.reddit.com/r/Democrat/comments/7ujacf/trump_surge_traps_democrats_in_resistance/,2018-02-01
Nearly 46 Million Viewers Watch President Trump's State of the Union Address &amp; 80% Liked It - Dems In Panic!,reddit,https://www.reddit.com/r/Democrat/comments/7uj9l8/nearly_46_million_viewers_watch_president_trumps/,2018-02-01
Obama DOJ appointee explains Mueller will NOT indict Trump.,reddit,https://www.reddit.com/r/Democrat/comments/7tgl68/obama_doj_appointee_explains_mueller_will_not/,2018-01-27
"Feinstein calls on Trump to help clean up Tijuana sewage impacting border patrol agents, beachgoers",reddit,https://www.reddit.com/r/Democrat/comments/7sxp7d/feinstein_calls_on_trump_to_help_clean_up_tijuana/,2018-01-25
When POTUS Trump won in 2016 Democrats said they were moving to Canada.Why not Haiti El Salvador or Africa?,reddit,https://www.reddit.com/r/Democrat/comments/7stng7/when_potus_trump_won_in_2016_democrats_said_they/,2018-01-25
Tom Fitton on #ReleaseTheMemo: Was Trump Dossier Used for FISA Warrants Against Team Trump?...,reddit,https://www.reddit.com/r/Democrat/comments/7s7vp7/jw_pres_tom_fitton_on_releasethememo_was_trump/,2018-01-22
Donald Trump: I'm with the American people (in contrast to the losers who choose foreigners over their own countrymen and expect us to foot the bill!),reddit,https://www.reddit.com/r/Democrat/comments/7s7kq8/donald_trump_im_with_the_american_people_in/,2018-01-22
"'It was Moscow's victory, after all': At least 6 Putin-allied Russians reportedly attended Trump's inaugural celebrations",reddit,https://www.reddit.com/r/Democrat/comments/7s3hzh/it_was_moscows_victory_after_all_at_least_6/,2018-01-22
Trump 2020,reddit,https://www.reddit.com/r/Democrat/comments/7rzz0j/trump_2020/,2018-01-21
They loved our #SchumerShutdown meme & website so much that they got original with #TrumpShutdown.,reddit,https://www.reddit.com/r/Democrat/comments/7rqjq0/dems_are_so_lazy_they_loved_our_schumershutdown/,2018-01-20
Trump-state Dems introduce bill to withhold lawmaker pay during shutdown,reddit,https://www.reddit.com/r/Democrat/comments/7rnhtv/trumpstate_dems_introduce_bill_to_withhold/,2018-01-20
"GOP Rep. Gaetz Calls on House to Release 'Important Intelligence Document' - Goes to 'Very Foundations of Our Democracy,' Involves FBI, DoJ and Trump - Breitbart",reddit,https://www.reddit.com/r/Democrat/comments/7renjg/gop_rep_gaetz_calls_on_house_to_release_important/,2018-01-19
"Trump is commonsensically undoing, piece by piece, the main components of Obama’s legacy.",reddit,https://www.reddit.com/r/Democrat/comments/7qx5q4/trump_is_commonsensically_undoing_piece_by_piece/,2018-01-17
President Trump is a racist?,reddit,https://www.reddit.com/r/Democrat/comments/7qxzyt/president_trump_is_a_racist_be_a_shame_if_he_were/,2018-01-17
The reason black unemployment has dropped to historical low figures is because Donald Trump wants to put Americans first above criminal illegal aliens!,reddit,https://www.reddit.com/r/Democrat/comments/7qpiya/black_americans_are_americans_the_reason_black/,2018-01-16
Political Podcast About Trump Foreign Policy,reddit,https://www.reddit.com/r/Democrat/comments/7qn5an/political_podcast_about_trump_foreign_policy/,2018-01-15
"Biden Attacked Trump For Not Speaking Like A President, Gets Embarrassed With His Own Quotes",reddit,https://www.reddit.com/r/Democrat/comments/7qpio3/biden_attacked_trump_for_not_speaking_like_a/,2018-01-16
MLK's Niece: 'Outrageous' That Critics Are 'Unjustly' Calling Trump Racist,reddit,https://www.reddit.com/r/Democrat/comments/7qhp3c/mlks_niece_outrageous_that_critics_are_unjustly/,2018-01-15
If Trump is a racist why did he have a black girlfriend for 2 years?,reddit,https://www.reddit.com/r/Democrat/comments/7qho2g/if_trump_is_a_racist_why_did_he_have_a_black/,2018-01-15
"Donald Trump's Support Among Blacks Has Doubled Since 2016, Despite Endless Racism Claims: No Wonder, Blacks Doing Better Than Ever",reddit,https://www.reddit.com/r/Democrat/comments/7qhxk0/donald_trumps_support_among_blacks_has_doubled/,2018-01-15
Establishment Democrats Are As Authoritarian As Trump,reddit,https://www.reddit.com/r/Democrat/comments/7q1pgg/establishment_democrats_are_as_authoritarian_as/,2018-01-13
"ABC News’ mistake-prone Brian Ross doesn’t return from suspension as planned after botching report on Trump, Russia",reddit,https://www.reddit.com/r/Democrat/comments/7o7chi/abc_news_mistakeprone_brian_ross_doesnt_return/,2018-01-05
It's Official: Trump Now Has Greatest Stock Market Rally in History!,reddit,https://www.reddit.com/r/Democrat/comments/7ldego/its_official_trump_now_has_greatest_stock_market/,2017-12-21
"Rep Speier (D-CA): Rumor is Trump could fire Mueller this Friday, December 22",reddit,https://www.reddit.com/r/Democrat/comments/7kgmm9/rep_speier_dca_rumor_is_trump_could_fire_mueller/,2017-12-17
Trump District Judge Nominee has nearly no practical law experience.,reddit,https://www.reddit.com/r/Democrat/comments/7k48cy/trump_district_judge_nominee_has_nearly_no/,2017-12-16
House rejects Trump impeachment resolution after Dem Rep. Al Green forces vote,reddit,https://www.reddit.com/r/Democrat/comments/7i0qql/house_rejects_trump_impeachment_resolution_after/,2017-12-06
Remind elected members of the Republican Party exactly what they’re standing for when they vote along party lines by sending them a postcard with an infamous Trump quote.,reddit,https://www.reddit.com/r/Democrat/comments/7hfcgr/remind_elected_members_of_the_republican_party/,2017-12-04
Ex-Fox News Employee Says She Was Blocked From Investigating Trump-Russia Ties,reddit,https://www.reddit.com/r/Democrat/comments/7em01n/exfox_news_employee_says_she_was_blocked_from/,2017-11-21
Hillary Clinton questions 'legitimacy' of Trump's victory in 2016 election,reddit,https://www.reddit.com/r/Democrat/comments/7dpvon/hillary_clinton_questions_legitimacy_of_trumps/,2017-11-18
State Attorneys General Lead the Charge Against President Donald Trump,reddit,https://www.reddit.com/r/Democrat/comments/7a5o7h/state_attorneys_general_lead_the_charge_against/,2017-11-01
Witch Hunt Update: FBI Lists 200+ Manafort Transactions from 2006 to 2014 in Indictment – One Year Before Trump Launched Campaign,reddit,https://www.reddit.com/r/Democrat/comments/79s6db/witch_hunt_update_fbi_lists_200_manafort/,2017-10-31
"In Hill interviews, top Dems denied knowledge of payments to firm behind Trump dossier",reddit,https://www.reddit.com/r/Democrat/comments/78zxm6/in_hill_interviews_top_dems_denied_knowledge_of/,2017-10-27
trump 2020 maga,reddit,https://www.reddit.com/r/Democrat/comments/78ziyb/trump_2020_maga/,2017-10-26
Judge rejects bid to force Trump to resume Obamacare payments to insurers,reddit,https://www.reddit.com/r/Democrat/comments/78segj/judge_rejects_bid_to_force_trump_to_resume/,2017-10-26
VIDEO: Students love Trump's tax plan...when told it's Bernie's,reddit,https://www.reddit.com/r/Democrat/comments/77r505/video_students_love_trumps_tax_planwhen_told_its/,2017-10-21
Obamacare: Trump to halt cost-sharing subsidies to insurers,reddit,https://www.reddit.com/r/Democrat/comments/762vga/obamacare_trump_to_halt_costsharing_subsidies_to/,2017-10-13
"President Donald J. Trump Proclaims October 9, 2017, as Columbus Day",reddit,https://www.reddit.com/r/Democrat/comments/74shud/president_donald_j_trump_proclaims_october_9_2017/,2017-10-07
"Media Give Trump Most Negative Presidential Coverage in 25 Years Only 5 percent of news reports are positive, according to Pew Research Center",reddit,https://www.reddit.com/r/Democrat/comments/74to98/media_give_trump_most_negative_presidential/,2017-10-07
Petition: Add dislike button to Trump's twitter account,reddit,https://www.reddit.com/r/Democrat/comments/744asb/petition_add_dislike_button_to_trumps_twitter/,2017-10-03
"Leftist Teacher Prays Only ""White Trump Supporters"" Died In Las Vegas Shooting",reddit,https://www.reddit.com/r/Democrat/comments/744iq6/leftist_teacher_prays_only_white_trump_supporters/,2017-10-04
Michelle Obama: Women voted for Trump because they were told to like him,reddit,https://www.reddit.com/r/Democrat/comments/72z7cb/michelle_obama_women_voted_for_trump_because_they/,2017-09-28
Trump border wall construction begins,reddit,https://www.reddit.com/r/Democrat/comments/72nsof/trump_border_wall_construction_begins/,2017-09-26
WATCH: CNN Celebrity Chef Anthony Bourdain Says He Would Poison POTUS Trump,reddit,https://www.reddit.com/r/Democrat/comments/7061mf/watch_cnn_celebrity_chef_anthony_bourdain_says_he/,2017-09-14
"Well Trump Just Had His Defining ""Umbrella Moment""",reddit,https://www.reddit.com/r/Democrat/comments/6yyun8/remember_this_pic_well_trump_just_had_his/,2017-09-09
Trump will end DACA but he is looking for a way to shift the blame to House and Senate so he has told House and Senate leaders they have 6 months to pass an immigration bill or face blame if they can't,reddit,https://www.reddit.com/r/Democrat/comments/6y3cgw/trump_will_end_daca_but_he_is_looking_for_a_way/,2017-09-04
CNN's Ana Navarro: 'Shameful Nincompoop' Trump Is ‘Unfit to Be Human’,reddit,https://www.reddit.com/r/Democrat/comments/6vxled/cnns_ana_navarro_shameful_nincompoop_trump_is/,2017-08-25
Missouri's top Democrats call for senator to resign for 'I hope Trump is assassinated' post,reddit,https://www.reddit.com/r/Democrat/comments/6uudr3/missouris_top_democrats_call_for_senator_to/,2017-08-20
Trump seems to lock Democrats out of Federal Judge picks….,reddit,https://www.reddit.com/r/Democrat/comments/6t7bip/trump_seems_to_lock_democrats_out_of_federal/,2017-08-12
"Liz Warren Says Trump Waging ‘All-Out Assault On US Workers.’ A Day Later, Unemployment Hits 16-Year Low",reddit,https://www.reddit.com/r/Democrat/comments/6rpfjw/liz_warren_says_trump_waging_allout_assault_on_us/,2017-08-05
What would you ditch to keep or get rid of President Trump,reddit,https://www.reddit.com/r/Democrat/comments/6oz6nk/what_would_you_ditch_to_keep_or_get_rid_of/,2017-07-23
I wish President Trump would...,reddit,https://www.reddit.com/r/Democrat/comments/6okxjj/i_wish_president_trump_would/,2017-07-21
Trump on twitter with Cofefe,reddit,https://www.reddit.com/r/Democrat/comments/6hmn7c/trump_on_twitter_with_cofefe/,2017-06-16
Trumps 15 most Baffling tweets,reddit,https://www.reddit.com/r/Democrat/comments/6ezup6/trumps_15_most_baffling_tweets/,2017-06-03
Bernie Delegate Pellegrino Wins BIG In Trumpland,reddit,https://www.reddit.com/r/Democrat/comments/6eeu9i/bernie_delegate_pellegrino_wins_big_in_trumpland/,2017-05-31
Teacher Wins Primary Against Democratic PA. Mayor Who Backed Trump.,reddit,https://www.reddit.com/r/Democrat/comments/6ccj7l/26_year_old_hs_teacher_wins_primary_against/,2017-05-20
Report: sealed indictment issued against Donald Trump,reddit,https://www.reddit.com/r/Democrat/comments/6b2lp1/report_sealed_indictment_issued_against_donald/,2017-05-14
Priebus: Trump Considering Amending or Abolishing 1st Amendment,reddit,https://www.reddit.com/r/Democrat/comments/69i47f/priebus_trump_considering_amending_or_abolishing/,2017-05-05
Dump Trump!,reddit,https://www.reddit.com/r/Democrat/comments/62dsg2/dump_trump/,2017-03-30
Turkey's Foreign Minister Mevlüt Çavuşoğlu met with both Michael Flynn AND Devin Nunes during Trump's nomination of Flynn for National Security Adviser while Flynn was a Foreign Agent for Turkey.,reddit,https://www.reddit.com/r/Democrat/comments/61k2fj/turkeys_foreign_minister_mevlüt_çavuşoğlu_met/,2017-03-26
Correspondence from Socialist Canada — Week 4: Canada's Trump vs. Canada's Obama,reddit,https://www.reddit.com/r/Democrat/comments/5ux9dx/correspondence_from_socialist_canada_week_4/,2017-02-19
The Tyranny in Trump’s Cabinet,reddit,https://www.reddit.com/r/Democrat/comments/5rp289/the_tyranny_in_trumps_cabinet/,2017-02-02
Did Trump Insult Someone Today?,reddit,https://www.reddit.com/r/Democrat/comments/5m04vp/did_trump_insult_someone_today/,2017-01-04
"A Communist who works for Russian media is Donald Trump's ""favorite reporter""?",reddit,https://www.reddit.com/r/Democrat/comments/5lonlt/a_communist_who_works_for_russian_media_is_donald/,2017-01-03
Christmas is just days away… so here's a very special Christmas message from President Neglect Donald Trump to all of America.,reddit,https://www.reddit.com/r/Democrat/comments/5jkw34/christmas_is_just_days_away_so_heres_a_very/,2016-12-21
#HappyHolidaysFromDonaldTrump,reddit,https://www.reddit.com/r/Democrat/comments/5jkw34/christmas_is_just_days_away_so_heres_a_very/,2016-12-21
Indivisible: A Practical Guide For Resisting the Trump Agenda,reddit,https://www.reddit.com/r/Democrat/comments/5iku0z/indivisible_a_practical_guide_for_resisting_the/,2016-12-15
"Trump to name Scott Pruitt, Oklahoma attorney general suing EPA on climate change, to head the EPA",reddit,https://www.reddit.com/r/Democrat/comments/5h37ac/trump_to_name_scott_pruitt_oklahoma_attorney/,2016-12-07
Will Trump Name Iraq War Propagandist John Bolton As Top US Diplomat?,reddit,https://www.reddit.com/r/Democrat/comments/5d20hv/will_trump_name_iraq_war_propagandist_john_bolton/,2016-11-15
"Amid Trump's Smashing Victory, the Nation Elects Its First Latina Senator",reddit,https://www.reddit.com/r/Democrat/comments/5co2xn/amid_trumps_smashing_victory_the_nation_elects/,2016-11-13
