"Trump Rally Is the ‘Perfect Storm Setup,’ for Viral Spread, Disease Expert Says",The New York Times,https://www.nytimes.com/2020/06/14/health/coronavirus-summer-spread.html,2020-06-14
Trump Cautiously Walks Down Ramp After West Point Speech,The New York Times,https://www.nytimes.com/video/us/politics/100000007190494/trump-ramp-west-point-speech.html,2020-06-14
Trump’s Halting Walk Down Ramp Raises New Health Questions,The New York Times,https://www.nytimes.com/2020/06/14/us/politics/trump-ramp-water-glass-health.html,2020-06-14
Israel OKs Plan for New Golan Settlement Named After Trump,The New York Times,https://www.nytimes.com/aponline/2020/06/14/world/middleeast/ap-ml-israel-us.html,2020-06-14
Trump Economic Adviser Urges Wearing of Masks at Tulsa Rally,The New York Times,https://www.nytimes.com/reuters/2020/06/14/us/politics/14reuters-health-coronavirus-usa-tulsa.html,2020-06-14
Trump Moved Tulsa Rally Date After Learning About Juneteenth,The New York Times,https://www.nytimes.com/aponline/2020/06/14/us/politics/ap-us-trump-juneteenth.html,2020-06-14
"Floridians Mark Trump's Birthday With Flotillas, Caravans",The New York Times,https://www.nytimes.com/aponline/2020/06/14/us/ap-us-trump-birthday-florida.html,2020-06-14
Trump Rally Called ‘Dangerous Move’ in Age of Coronavirus,The New York Times,https://www.nytimes.com/aponline/2020/06/14/us/politics/ap-us-virus-outbreak-trump-rally.html,2020-06-14
"Trump Says He Won't Watch NFL, U.S. Soccer if Players Kneel During Anthem",The New York Times,https://www.nytimes.com/reuters/2020/06/14/sports/football/14reuters-minneapolis-police-trump.html,2020-06-14
A New Book Brings Melania Trump Into (Slightly) Better Focus,The New York Times,https://www.nytimes.com/2020/06/14/books/review-art-of-her-deal-melania-trump-mary-jordan.html,2020-06-14
Trump Made Inaccurate Claims About the Military During His West Point Speech,The New York Times,https://www.nytimes.com/2020/06/13/us/politics/fact-check-trump-military-west-point-speech.html,2020-06-13
Health Care Advocates Push Back Against Trump’s Erasure of Transgender Rights,The New York Times,https://www.nytimes.com/2020/06/13/health/trump-health-care-transgender-rights.html,2020-06-13
Stitt Praises Trump After He Backs Off Rally on Juneteenth,The New York Times,https://www.nytimes.com/aponline/2020/06/13/us/ap-us-trump-juneteenth.html,2020-06-13
Deny That Fort Trump Proposal Is Bogged Down,The New York Times,https://www.nytimes.com/reuters/2020/06/13/world/europe/13reuters-poland-usa-defense-forttrump.html,2020-06-13
Iran's Zarif Sees Trump Favourite to Win U.S. Election,The New York Times,https://www.nytimes.com/reuters/2020/06/13/world/middleeast/13reuters-usa-election-trump-iran.html,2020-06-13
An Anti-Trump Slam Dunk,The New York Times,https://www.nytimes.com/2020/06/13/opinion/sunday/gregg-popovich-trump-nba-protests.html,2020-06-13
It’s Trump’s Revolution,The New York Times,https://www.nytimes.com/2020/06/13/opinion/sunday/trump-presidency.html,2020-06-13
Trump to West Point Grads: 'We Are Ending the Era of Endless Wars',The New York Times,https://www.nytimes.com/reuters/2020/06/13/world/europe/13reuters-usa-trump-wars.html,2020-06-13
Trump Speaks at West Point Graduation Amid Tensions With Military Leaders,The New York Times,https://www.nytimes.com/2020/06/13/us/politics/trump-west-point-graduation.html,2020-06-13
Trump’s Lessons From Nixon Missed One Important Thing,The New York Times,https://www.nytimes.com/2020/06/13/us/politics/trump-lessons-nixon.html,2020-06-13
"Call Off the Dogs, Mr. Trump",The New York Times,https://www.nytimes.com/2020/06/13/opinion/george-floyd-trump-protesters-dogs.html,2020-06-13
Trump Speaks to Graduating Cadets,The New York Times,https://www.nytimes.com/video/us/politics/100000007189743/trump-west-point-graduation-speech-live.html,2020-06-13
UK Supports International Court After Trump Approves Sanctions,The New York Times,https://www.nytimes.com/reuters/2020/06/13/world/asia/13reuters-warcrimes-afghanistan-trump-britain.html,2020-06-13
AP FACT CHECK: Trump's Law and Order and Misinformation,The New York Times,https://www.nytimes.com/aponline/2020/06/13/us/politics/ap-us-fact-check-week.html,2020-06-13
Trump Has Made Alternative Facts a Way of Life,The New York Times,https://www.nytimes.com/2020/06/13/opinion/trump-has-made-alternative-facts-a-way-of-life.html,2020-06-13
World Joins US Protests but Leaders Restrained About Trump,The New York Times,https://www.nytimes.com/aponline/2020/06/13/world/europe/ap-eu-america-protests-world-leaders.html,2020-06-13
Protests in Trump Country Test His Hold in Rural White Areas,The New York Times,https://www.nytimes.com/aponline/2020/06/13/us/politics/ap-us-election-2020-protests-battleground.html,2020-06-13
Trump Pushes Tulsa Rally Back by a Day to 'Honor' Emancipation Holiday,The New York Times,https://www.nytimes.com/reuters/2020/06/13/us/politics/13reuters-usa-election-trump-rally.html,2020-06-13
"As US Seethes Over Race, Trump Calls Out 'Evil of Slavery'",The New York Times,https://www.nytimes.com/aponline/2020/06/13/us/politics/ap-us-trump-west-point.html,2020-06-13
Trump Moves Oklahoma Political Rally Date From African-American Holiday: Tweet,The New York Times,https://www.nytimes.com/reuters/2020/06/13/us/politics/13reuters-usa-election-trump-rally-date.html,2020-06-13
Trump Moves Tulsa Rally Date ‘Out of Respect’ for Juneteenth,The New York Times,https://www.nytimes.com/2020/06/12/us/politics/trump-tulsa-rally-juneteenth.html,2020-06-13
Trump Reschedules Campaign Rally After Juneteenth Uproar,The New York Times,https://www.nytimes.com/aponline/2020/06/12/us/politics/ap-us-trump-juneteenth.html,2020-06-13
"Trump Says He Opposes Police Chokeholds, Except in Certain Situations",The New York Times,https://www.nytimes.com/2020/06/12/us/politics/trump-police-chokeholds.html,2020-06-13
Graduating West Point Cadets Isolate for Two Weeks Ahead of Trump Speech,The New York Times,https://www.nytimes.com/2020/06/12/us/politics/trump-west-point.html,2020-06-12
"Two Years After Trump-Kim Meeting, Little to Show for Personal Diplomacy",The New York Times,https://www.nytimes.com/2020/06/12/world/asia/korea-nuclear-trump-kim.html,2020-06-12
Facebook Fires Employee Who Protested Inaction on Trump Posts,The New York Times,https://www.nytimes.com/reuters/2020/06/12/technology/12reuters-facebook-protests-firing.html,2020-06-12
Trump Administration Erases Transgender Civil Rights Protections in Health Care,The New York Times,https://www.nytimes.com/2020/06/12/us/politics/trump-transgender-rights.html,2020-06-12
Book Says Melania Trump Delayed Washington Move as Negotiating Tack,The New York Times,https://www.nytimes.com/2020/06/12/us/politics/melania-trump-prenuptial-agreement.html,2020-06-12
Trump Administration Revokes Transgender Health Protection,The New York Times,https://www.nytimes.com/aponline/2020/06/12/us/ap-us-trump-transgender-health.html,2020-06-12
Trump May Be Stuck With Awkwardly Worded GOP Platform,The New York Times,https://www.nytimes.com/aponline/2020/06/12/us/ap-us-election-2020-gop-platform-.html,2020-06-12
Trump Says Chokeholds by Police Should Generally 'Be Ended',The New York Times,https://www.nytimes.com/aponline/2020/06/12/us/politics/ap-us-america-protests-trump-chokeholds.html,2020-06-12
Trump Campaign's Waiver Won't Block Coronavirus Lawsuits: Experts,The New York Times,https://www.nytimes.com/reuters/2020/06/12/us/politics/12reuters-usa-trump-waiver.html,2020-06-12
Trump Says He Will 'Do Other Things' if He Loses 2020 Election,The New York Times,https://www.nytimes.com/reuters/2020/06/12/us/politics/12reuters-usa-election-trump-results.html,2020-06-12
Ex-White House Adviser Bolton Has Book 'Donald Trump Doesn't Want You to Read',The New York Times,https://www.nytimes.com/reuters/2020/06/12/us/politics/12reuters-usa-trump-bolton-book.html,2020-06-12
Trump Says Police Generally Should Not Use Choke Holds,The New York Times,https://www.nytimes.com/reuters/2020/06/12/us/politics/12reuters-minneapolis-police-trump-chokeholds.html,2020-06-12
Deny That Fort Trump Proposal Is Bogged Down,The New York Times,https://www.nytimes.com/reuters/2020/06/12/world/europe/12reuters-poland-usa-defense-forttrump.html,2020-06-12
Delroy Lindo on ‘Da 5 Bloods’ and Playing a Trump Supporter,The New York Times,https://www.nytimes.com/2020/06/12/movies/delroy-lindo-da-5-bloods-spike-lee.html,2020-06-12
Anti-China Group Urges Trump Administration to Block Chinese Companies From U.S. Markets: Document,The New York Times,https://www.nytimes.com/reuters/2020/06/12/business/12reuters-usa-china-capitalmarkets-telecoms.html,2020-06-12
Trump’s Actions Rattle the Military World: ‘I Can’t Support the Man’,The New York Times,https://www.nytimes.com/2020/06/12/us/politics/trump-polls-military-approval.html,2020-06-12
"Defying Trump, Republican-Led Senate Panel Backs Stripping Confederate Names From Military Bases",The New York Times,https://www.nytimes.com/reuters/2020/06/12/us/politics/12reuters-usa-trump-bases-senate.html,2020-06-12
Trump Defends Holding First Rally in Months on Juneteenth in Tulsa,The New York Times,https://www.nytimes.com/reuters/2020/06/12/us/politics/12reuters-usa-election-trump-rally.html,2020-06-12
"Regrets Trump Move Against ICC, Says Court Must Be Protected",The New York Times,https://www.nytimes.com/reuters/2020/06/12/world/asia/12reuters-warcrimes-afghanistan-trump-un.html,2020-06-12
U.S. Appeals Court Skeptical of Bid by Ex-Trump Adviser Flynn to End Criminal Case,The New York Times,https://www.nytimes.com/reuters/2020/06/12/world/europe/12reuters-usa-trump-flynn.html,2020-06-12
Trump Administration Moves to Solidify Restrictive Immigration Policies,The New York Times,https://www.nytimes.com/2020/06/12/us/politics/coronavirus-trump-immigration-policies.html,2020-06-12
"To Overturn Trump, We Need to Overturn White Supremacy",The New York Times,https://www.nytimes.com/2020/06/12/opinion/sunday/floyd-protests-white-supremacy.html,2020-06-12
Jimmy Fallon Asks Trump to Reconsider His ‘Cough-a-palooza’ Rally,The New York Times,https://www.nytimes.com/2020/06/12/arts/television/late-night-trump-juneteenth-tulsa-racist-violence.html,2020-06-12
Seattle Mayor Says Illegal for Trump to Send Military to Clear Protesters,The New York Times,https://www.nytimes.com/reuters/2020/06/12/us/politics/12reuters-minneapolis-police-protests-seattle.html,2020-06-12
"Downplaying Virus Risk, Trump Gets Back to Business as Usual",The New York Times,https://www.nytimes.com/aponline/2020/06/12/us/politics/ap-us-virus-outbreak-white-house.html,2020-06-12
"GOP Picks Jacksonville, Florida, for Trump Convention Speech",The New York Times,https://www.nytimes.com/aponline/2020/06/11/us/politics/ap-us-election-2020-republican-convention.html,2020-06-12
"Trump to Accept Republican Nomination in Jacksonville, Florida",The New York Times,https://www.nytimes.com/reuters/2020/06/11/us/politics/11reuters-usa-election-republicans.html,2020-06-12
Trump’s Grotesque Tulsa Trip,The New York Times,https://www.nytimes.com/2020/06/11/opinion/trump-rally-tulsa.html,2020-06-12
Trump Supporters Must Waive Right to Sue Over Virus to Attend Rally,The New York Times,https://www.nytimes.com/2020/06/11/us/politics/trump-rally-coronavirus.html,2020-06-12
"As Public Opinion Shifts on Racism, Trump Digs In",The New York Times,https://www.nytimes.com/2020/06/11/us/politics/trump-on-race.html,2020-06-12
"Trump Will Give Convention Speech in Jacksonville, Capping a Dispute Over Safety",The New York Times,https://www.nytimes.com/2020/06/11/us/politics/trump-jacksonville-rnc-speech.html,2020-06-12
Trump Cites ‘Bad Apples’ but Defends Nation’s Police,The New York Times,https://www.nytimes.com/video/us/100000007187411/trump-cites-bad-apples-but-defends-nations-police.html,2020-06-12
Biden Blasts Trump as U.S. Coronavirus Cases Top 2 Million,The New York Times,https://www.nytimes.com/reuters/2020/06/11/us/politics/11reuters-usa-election-biden-coronavirus.html,2020-06-12
"Trump Defends Police, but Says He’ll Sign Order Encouraging Better Practices",The New York Times,https://www.nytimes.com/2020/06/11/us/politics/trump-biden-police.html,2020-06-11
Seattle Mayor Says It Would Be Illegal if Trump Sent Military to Clear Protest Encampment,The New York Times,https://www.nytimes.com/reuters/2020/06/11/us/11reuters-minneapolis-police-protests-seattle.html,2020-06-11
North Korea Says Little Reason to Maintain Kim-Trump Ties: KCNA,The New York Times,https://www.nytimes.com/reuters/2020/06/11/world/asia/11reuters-usa-northkorea.html,2020-06-11
"Trump Plans Order on Policing, Opposes Major Reforms",The New York Times,https://www.nytimes.com/reuters/2020/06/11/us/politics/11reuters-minneapolis-police-trump.html,2020-06-11
"Defying Trump, Senate Panel Moves to Strip Military Bases of Confederate Names",The New York Times,https://www.nytimes.com/2020/06/11/us/politics/senate-confederate-names-military-bases.html,2020-06-11
Trump and the Confederate Base Names,The New York Times,https://www.nytimes.com/2020/06/11/opinion/letters/trump-confederate-bases.html,2020-06-11
Trump Rally on Juneteenth in Tulsa Called 'Slap in the Face',The New York Times,https://www.nytimes.com/aponline/2020/06/11/us/politics/ap-us-america-protests-trump-juneteenth.html,2020-06-11
"With His Sights Now on Senate, Bullock Still Battling Trump",The New York Times,https://www.nytimes.com/aponline/2020/06/11/us/ap-us-election-2020-montana-senate.html,2020-06-11
Trump Faces Backlash From Black Leaders on Tulsa Rally,The New York Times,https://www.nytimes.com/reuters/2020/06/11/us/politics/11reuters-usa-election-trump-rally.html,2020-06-11
"Trump, Biden Hold Events in Key U.S. States as Campaign Begins to Heat Up",The New York Times,https://www.nytimes.com/reuters/2020/06/11/us/politics/11reuters-usa-election.html,2020-06-11
Biden Criticizes Trump’s Reopening of the Economy as a ‘One-Point Plan’,The New York Times,https://www.nytimes.com/video/us/100000007186817/biden-criticizes-trumps-reopening-of-the-economy-as-a-one-point-plan.html,2020-06-11
Trump Says He'll Pursue Police Use-Of-Force Standard,The New York Times,https://www.nytimes.com/aponline/2020/06/11/us/politics/ap-us-trump.html,2020-06-11
Trump Fumes as Protesters Stake Out Festive Zone in Seattle,The New York Times,https://www.nytimes.com/aponline/2020/06/11/us/ap-us-america-protests-seattle-zone.html,2020-06-11
Carl Icahn Wants to Raze a Former Trump Casino.,The New York Times,https://www.nytimes.com/aponline/2020/06/11/us/ap-us-trump-plaza-demolition.html,2020-06-11
"U.S. Biofuel Group in Talks With Biden, Trump Campaigns to Boost Industry",The New York Times,https://www.nytimes.com/reuters/2020/06/11/us/politics/11reuters-usa-biofuels-election.html,2020-06-11
U.S. Senate Panel Approves Subpoena Authority in Trump-Russia Probe,The New York Times,https://www.nytimes.com/reuters/2020/06/11/us/politics/11reuters-usa-trump-russia-senate.html,2020-06-11
Biden Says Military Would Help Oust Trump if He Loses Election but Refuses to Leave,The New York Times,https://www.nytimes.com/reuters/2020/06/11/us/politics/11reuters-usa-election-biden-military.html,2020-06-11
"‘It Was a Mistake,’ Milley Says of Participating in Trump Photo Op",The New York Times,https://www.nytimes.com/video/us/politics/100000007186215/milley-apology-trump-photo-op-lafayette-square.html,2020-06-11
"Trump Battles Pelosi, Some in GOP Over Confederate Symbols",The New York Times,https://www.nytimes.com/aponline/2020/06/11/us/politics/ap-us-america-protests-congress-confederate-symbols.html,2020-06-11
"Defying Trump, Republican-Led Senate Panel Backs Stripping Confederate Names From Military Bases",The New York Times,https://www.nytimes.com/reuters/2020/06/11/us/politics/11reuters-usa-trump-bases-senate.html,2020-06-11
Trump Authorizes Sanctions Over ICC Afghanistan War Crimes Case,The New York Times,https://www.nytimes.com/reuters/2020/06/11/world/asia/11reuters-warcrimes-afghanistan-trump.html,2020-06-11
"After Rebuke, Top U.S. General Says Joining Trump Church Walk During Protests Was 'Mistake'",The New York Times,https://www.nytimes.com/reuters/2020/06/11/us/11reuters-minneapolis-protests-apology.html,2020-06-11
Military Chief: Wrong to Walk With Trump Past Park Protest,The New York Times,https://www.nytimes.com/aponline/2020/06/11/us/politics/ap-us-america-protests-military.html,2020-06-11
Trump OKs Sanctions Against International Tribunal Employees,The New York Times,https://www.nytimes.com/aponline/2020/06/11/us/politics/ap-us-united-states-international-court.html,2020-06-11
Milley Apologizes for Role in Trump Photo Op: ‘I Should Not Have Been There’,The New York Times,https://www.nytimes.com/2020/06/11/us/politics/trump-milley-military-protests-lafayette-square.html,2020-06-11
Seattle Mayor Defies Trump,The New York Times,https://www.nytimes.com/2020/06/11/us/george-floyd-protests.html,2020-06-11
"After Military Opens Door, Trump Rejects Removing Names of Confederate Leaders From U.S.",The New York Times,https://www.nytimes.com/reuters/2020/06/11/us/politics/11reuters-usa-trump-bases.html,2020-06-11
"Trump Fans Can’t Sue if They Contract Covid-19 at Rallies, Campaign Says",The New York Times,https://www.nytimes.com/2020/06/11/world/coronavirus-live-updates.html,2020-06-11
Why Does Trump Lie?,The New York Times,https://www.nytimes.com/2020/06/11/opinion/trump-lies.html,2020-06-11
"Trump Says Campaign Rallies to Resume, Oklahoma Likely First",The New York Times,https://www.nytimes.com/reuters/2020/06/11/us/politics/11reuters-health-coronavirus-trump-rallies.html,2020-06-11
India Lifts Export Ban on Trump-Touted Drug Hydroxychloroquine,The New York Times,https://www.nytimes.com/reuters/2020/06/11/world/asia/11reuters-health-coronavirus-india-pharmaceuticals.html,2020-06-11
Unemployment Woes a Mounting Strain on Trump in Florida,The New York Times,https://www.nytimes.com/aponline/2020/06/11/us/politics/ap-us-virus-outbreak-unemployment-politics.html,2020-06-11
Trump Resumes Fundraising to Build Cash Lead Against Biden,The New York Times,https://www.nytimes.com/aponline/2020/06/11/us/politics/ap-us-election-2020-trump-fundraising.html,2020-06-11
"Analysis: As US Reckons Over Race, Trump Becomes a Bystander",The New York Times,https://www.nytimes.com/aponline/2020/06/11/us/politics/ap-us-trump-analysis-.html,2020-06-11
Trump Rejects Renaming Military Bases Named After Confederate Generals,The New York Times,https://www.nytimes.com/2020/06/10/us/politics/trump-rejects-renaming-military-bases.html,2020-06-11
Trump Trembles: Mitt’s on the Move,The New York Times,https://www.nytimes.com/2020/06/10/opinion/trump-romney-murkowski.html,2020-06-11
"Trump Demands CNN Retract a Poll, as OANN Teases a Rosier View",The New York Times,https://www.nytimes.com/2020/06/10/us/politics/trump-cnn-poll-oann.html,2020-06-10
Trump Picks Tulsa for Return of Signature Campaign Rallies,The New York Times,https://www.nytimes.com/aponline/2020/06/10/us/politics/ap-us-election-2020-trump-rally.html,2020-06-10
Trump Ex-Adviser Bolton's Book to Come Out June 23 Over White House Objections,The New York Times,https://www.nytimes.com/reuters/2020/06/10/us/politics/10reuters-usa-trump-bolton.html,2020-06-10
"Aggressive Tactics by National Guard, Ordered to Appease Trump, Wounded the Military, Too",The New York Times,https://www.nytimes.com/2020/06/10/us/politics/national-guard-protests.html,2020-06-10
"Trump Says Campaign Rallies to Resume, Oklahoma Likely First",The New York Times,https://www.nytimes.com/reuters/2020/06/10/us/politics/10reuters-health-coronavirus-trump-rallies.html,2020-06-10
Trump Will Return to Campaign Trail With Rally in Tulsa,The New York Times,https://www.nytimes.com/2020/06/10/us/politics/trump-rally-tulsa-oklahoma.html,2020-06-10
US Cooperates With WHO on Ebola Despite Trump Pullout Threat,The New York Times,https://www.nytimes.com/aponline/2020/06/10/world/europe/ap-un-health-agency-us.html,2020-06-10
U.S.-Polish Fort Trump Project Crumbles,The New York Times,https://www.nytimes.com/reuters/2020/06/10/world/europe/10reuters-poland-usa-defense-forttrump.html,2020-06-10
"After Military Opens Door, Trump Rejects Removing Names of Confederate Leaders From U.S.",The New York Times,https://www.nytimes.com/reuters/2020/06/10/us/politics/10reuters-usa-trump-bases.html,2020-06-10
A New Low for Trump,The New York Times,https://www.nytimes.com/2020/06/10/opinion/letters/unrest-trump-martin-gugino.html,2020-06-10
Then Trump Said No.,The New York Times,https://www.nytimes.com/2020/06/10/magazine/army-confederate-base-names.html,2020-06-10
Jacksonville Is Front-Runner for Trump Convention Speech,The New York Times,https://www.nytimes.com/aponline/2020/06/10/us/politics/ap-us-election-2020-republican-convention.html,2020-06-10
Egyptian Presidency Says Trump Welcomed Egypt's Proposal for Libya Ceasefire in a Call With President Sisi: Statement,The New York Times,https://www.nytimes.com/reuters/2020/06/10/world/middleeast/10reuters-libya-security-sisi-trump.html,2020-06-10
WHO Hopes to Work With U.S. on Ebola Despite Trump Criticism,The New York Times,https://www.nytimes.com/reuters/2020/06/10/world/asia/10reuters-health-coronavirus-who.html,2020-06-10
Why Twitter Didn’t Label Trump’s Tweet on Martin Gugino,The New York Times,https://www.nytimes.com/2020/06/10/technology/trump-twitter-protests.html,2020-06-10
Retired Judge Urges Court Not to Drop Criminal Case Against Ex-Trump Adviser Flynn,The New York Times,https://www.nytimes.com/reuters/2020/06/10/us/politics/10reuters-usa-trump-flynn-filing.html,2020-06-10
Canceling Ivanka Trump Spurs Backlash for Kansas College,The New York Times,https://www.nytimes.com/aponline/2020/06/10/us/ap-us-ivanka-trump-canceled-backlash.html,2020-06-10
White House Defends Trump's Conspiracy Theory Tweet on Buffalo Protester,The New York Times,https://www.nytimes.com/reuters/2020/06/10/us/politics/10reuters-minneapolis-police-protests-buffalo.html,2020-06-10
Mexico President Says Phone Call May Need to Replace Planned Meeting With Trump,The New York Times,https://www.nytimes.com/reuters/2020/06/10/world/americas/10reuters-mexico-usa-meeting.html,2020-06-10
Erdogan and Trump Form New Bond as Interests Align,The New York Times,https://www.nytimes.com/2020/06/10/world/europe/erdogan-trump-turkey-libya-syria.html,2020-06-10
Has Lindsey Graham Become Too Trumpy for South Carolina?,The New York Times,https://www.nytimes.com/2020/06/10/us/politics/lindsey-graham-senate-south-carolina-jaime-harrison.html,2020-06-10
Trump May Use Executive Order to Address Policing: White House,The New York Times,https://www.nytimes.com/reuters/2020/06/10/us/politics/10reuters-minneapolis-police-whitehouse.html,2020-06-10
"For Virus-Tamer Merkel, Global Alliances Trumped Nationalism",The New York Times,https://www.nytimes.com/reuters/2020/06/10/world/europe/10reuters-health-coronavirus-germany-merkel-insight.html,2020-06-10
Retired Judge Calls Effort to Drop Case Against Ex-Trump Aide 'Gross Abuse' of Power,The New York Times,https://www.nytimes.com/reuters/2020/06/10/world/europe/10reuters-usa-trump-flynn.html,2020-06-10
Late Night Knocks Down Trump’s Tweet About Buffalo Protester,The New York Times,https://www.nytimes.com/2020/06/10/arts/television/late-night-trump-buffalo-tweet.html,2020-06-10
"Facing Electoral Headwinds, Trump Brings Back His 2016 Team",The New York Times,https://www.nytimes.com/aponline/2020/06/10/us/politics/ap-us-election-2020-trump-campaign-team.html,2020-06-10
Trump Eyes Racial Equality Debate Through Economic Lens,The New York Times,https://www.nytimes.com/aponline/2020/06/10/us/politics/ap-us-trump-racism.html,2020-06-10
Trump: No Change at Bases Named for Confederate Officers,The New York Times,https://www.nytimes.com/aponline/2020/06/10/us/politics/ap-us-america-protests-military-confederate-symbols.html,2020-06-10
"Trump May Compare Himself to Nixon in 1968, but He Really Resembles Wallace",The New York Times,https://www.nytimes.com/2020/06/09/us/politics/trump-2020.html,2020-06-10
That Trump Tweet?,The New York Times,https://www.nytimes.com/2020/06/09/us/politics/trump-twitter.html,2020-06-09
Trump Admin Opposes Extending Enhanced Unemployment Benefit,The New York Times,https://www.nytimes.com/aponline/2020/06/09/business/bc-us-virus-outbreak-unemployment-benefits.html,2020-06-09
Republican Senators Push FCC to Act on Trump Social Media Order,The New York Times,https://www.nytimes.com/reuters/2020/06/09/technology/09reuters-twitter-trump-fcc.html,2020-06-09
"Trump Falsely Targets Buffalo Protester, 75, as ‘Antifa Provocateur’",The New York Times,https://www.nytimes.com/2020/06/09/nyregion/who-is-martin-gugino-buffalo-police.html,2020-06-09
Trump Eyes Racial Equality Debate Through Economic Lens,The New York Times,https://www.nytimes.com/aponline/2020/06/09/us/politics/ap-us-trump-racism.html,2020-06-09
Investors Brace for Market Swings as Trump Slips in Election Polls,The New York Times,https://www.nytimes.com/reuters/2020/06/09/business/09reuters-health-coronavirus-volatility-analysis.html,2020-06-09
Trump Administration Revives Banned Hunting Techniques in Alaska,The New York Times,https://www.nytimes.com/2020/06/09/climate/trump-bear-hunting.html,2020-06-09
Trump Pushes Conspiracy Theory About Buffalo Protester,The New York Times,https://www.nytimes.com/aponline/2020/06/09/us/politics/ap-us-america-protests-trump-.html,2020-06-09
New York's Cuomo 'Disgusted' at Trump Claim Protester 'Fell Harder Than Was Pushed',The New York Times,https://www.nytimes.com/reuters/2020/06/09/us/09reuters-minneapolis-police-protests-cuomo.html,2020-06-09
Palestinians Say They Made Counterproposal to Trump Plan,The New York Times,https://www.nytimes.com/aponline/2020/06/09/world/middleeast/ap-ml-israel-palestinians.html,2020-06-09
Trump Tweets Conspiracy Theory About Buffalo Protester Pushed by Police,The New York Times,https://www.nytimes.com/reuters/2020/06/09/us/09reuters-minneapolis-police-protests-buffalo.html,2020-06-09
Save Us From Trump 2.0,The New York Times,https://www.nytimes.com/2020/06/09/opinion/biden-vice-president-2020.html,2020-06-09
Wave of New Polling Suggests an Erosion of Trump’s Support,The New York Times,https://www.nytimes.com/2020/06/09/upshot/polling-trump-erosion-support.html,2020-06-09
Key Democrats Spurn Push to Defund Police Amid Trump Attacks,The New York Times,https://www.nytimes.com/aponline/2020/06/09/us/politics/ap-us-election-2020-defund-the-police.html,2020-06-09
"Trump's Troop Cut in Germany Blindsided Senior U.S. Officials, Sources Say",The New York Times,https://www.nytimes.com/reuters/2020/06/09/world/europe/09reuters-usa-germany-military-trump.html,2020-06-09
"Trump's Troop Cut in Germany Blindsided Senior U.S. Officials, Sources Say",The New York Times,https://www.nytimes.com/reuters/2020/06/08/world/europe/08reuters-usa-germany-military-trump.html,2020-06-09
"Contradicting Trump, Barr Says Bunker Visit Was for Safety, Not an ‘Inspection’",The New York Times,https://www.nytimes.com/2020/06/08/us/politics/barr-trump-bunker-george-floyd.html,2020-06-09
Trump Rebuffs Protests Over Systemic Racism and Calls Police ‘Great People’,The New York Times,https://www.nytimes.com/2020/06/08/us/politics/defund-police-trump.html,2020-06-09
Trump Closer to Resuming Rallies That Were Halted by Virus,The New York Times,https://www.nytimes.com/aponline/2020/06/08/us/politics/ap-us-election-2020-trump-rallies.html,2020-06-08
Trump Campaign Rallies to Start Up Again in Next Two Weeks,The New York Times,https://www.nytimes.com/reuters/2020/06/08/us/politics/08reuters-usa-election-trump.html,2020-06-08
Erdogan Says He and Trump Agreed 'Some Issues' on Libya,The New York Times,https://www.nytimes.com/reuters/2020/06/08/world/europe/08reuters-libya-security-turkey-usa.html,2020-06-08
Trump Says U.S. Police Will Not Be Disbanded,The New York Times,https://www.nytimes.com/reuters/2020/06/08/us/politics/08reuters-minneapolis-police-protests-trump.html,2020-06-08
"Biden Pours Millions Into Facebook Ads, Blowing Past Trump’s Record",The New York Times,https://www.nytimes.com/2020/06/08/us/politics/biden-trump-facebook-ads.html,2020-06-08
Trump Open to Another Coronavirus Relief Package: White House,The New York Times,https://www.nytimes.com/reuters/2020/06/08/us/politics/08reuters-health-coronavirus-usa-relief.html,2020-06-08
Trump Insists No Police Defunding Amid U.S.-Wide Clamor for Reforms,The New York Times,https://www.nytimes.com/reuters/2020/06/08/us/politics/08reuters-minneapolis-police-protests-whitehouse.html,2020-06-08
"GOP Lawmakers Push Bill to Keep Trump, RNC in North Carolina",The New York Times,https://www.nytimes.com/aponline/2020/06/08/us/ap-us-virus-outbreak-republican-convention.html,2020-06-08
Trump Troop Pullout Would Still Leave Hefty U.S. Footprint in Europe,The New York Times,https://www.nytimes.com/reuters/2020/06/08/world/europe/08reuters-usa-germany-military-analysis.html,2020-06-08
Trump Plans to Sign Bill Pressuring China Over Uighur Muslim Crackdown: Source,The New York Times,https://www.nytimes.com/reuters/2020/06/08/us/politics/08reuters-usa-trump-uighurs.html,2020-06-08
Court Orders Dismissal of Trump Muslim Travel Ban Challenges,The New York Times,https://www.nytimes.com/aponline/2020/06/08/us/ap-us-travel-ban-lawsuit.html,2020-06-08
2020 Watch: Has Trump Hit Bottom?,The New York Times,https://www.nytimes.com/aponline/2020/06/08/us/politics/ap-us-election-2020-watch.html,2020-06-08
Could Trump Turn a Vaccine Into a Campaign Stunt?,The New York Times,https://www.nytimes.com/2020/06/08/opinion/trump-coronavirus-vaccine.html,2020-06-08
"McEnany's Mission: Stand by, Defend, Punch Back for Trump",The New York Times,https://www.nytimes.com/aponline/2020/06/08/us/politics/ap-us-mcenanys-mission.html,2020-06-08
"Virus, Racial Unrest Force Trump Campaign to Recalibrate",The New York Times,https://www.nytimes.com/aponline/2020/06/08/us/politics/ap-us-election-2020-trump.html,2020-06-08
Democrats Propose Sweeping Police Overhaul; Trump Criticizes,The New York Times,https://www.nytimes.com/aponline/2020/06/08/us/politics/ap-us-america-protests-congress.html,2020-06-08
AP FACT CHECK: Trump Exaggerations on Blacks' Economic Gains,The New York Times,https://www.nytimes.com/aponline/2020/06/08/business/ap-us-fact-check-week.html,2020-06-08
Is This the Trump Tipping Point?,The New York Times,https://www.nytimes.com/2020/06/07/opinion/trump-mattis-polls.html,2020-06-08
Trump Orders Troops to Leave D.C. as Former Military Leaders Sound Warning,The New York Times,https://www.nytimes.com/2020/06/07/us/politics/trump-military-troops-protests.html,2020-06-07
Ivanka Trump Blames ‘Cancel Culture’ for Pulled Speech.,The New York Times,https://www.nytimes.com/2020/06/07/us/politics/ivanka-trump-speech-protests.html,2020-06-07
"Saying Trump 'Drifted Away' From Constitution, Colin Powell Picks Biden",The New York Times,https://www.nytimes.com/reuters/2020/06/07/us/politics/07reuters-usa-election-powell.html,2020-06-07
"Exclusive: In Warning Sign for Trump, Republicans Growing Pessimistic About Country's Direction",The New York Times,https://www.nytimes.com/reuters/2020/06/07/us/politics/07reuters-usa-election-republicans-exclusive.html,2020-06-07
"Trump Wanted to Deploy 10,000 Troops in Washington D.C., Official Says",The New York Times,https://www.nytimes.com/reuters/2020/06/07/us/07reuters-minneapolis-police-protest-troops.html,2020-06-07
Senior Trump Aide Apologizes for Promoting Racially-Charged Video,The New York Times,https://www.nytimes.com/reuters/2020/06/06/us/politics/06reuters-usa-election-tweet.html,2020-06-06
Vote for Trump?,The New York Times,https://www.nytimes.com/2020/06/06/us/politics/trump-biden-republicans-voters.html,2020-06-06
Has ‘America First’ Become ‘Trump First’?,The New York Times,https://www.nytimes.com/2020/06/06/world/europe/germany-troop-withdrawal-america.html,2020-06-06
Bonfire of Trump’s Vanity,The New York Times,https://www.nytimes.com/2020/06/06/opinion/trump-washington-monuments-george-floyd-protests.html,2020-06-06
"As Trump Blames Antifa, Protest Records Show Scant Evidence",The New York Times,https://www.nytimes.com/aponline/2020/06/06/us/politics/ap-us-america-protests-origins.html,2020-06-06
AP FACT CHECK: Trump's Alternate Reality in Time of Anguish,The New York Times,https://www.nytimes.com/aponline/2020/06/06/us/politics/ap-us-fact-check-week.html,2020-06-06
No 'Silver Lining': Trump Faces Voter Backlash Amid Crises,The New York Times,https://www.nytimes.com/aponline/2020/06/06/us/politics/ap-us-america-protests-politics-1st-ld-writethru.html,2020-06-06
Merkel Allies Criticize Trump Decision to Cut U.S.,The New York Times,https://www.nytimes.com/reuters/2020/06/06/world/europe/06reuters-usa-germany-military-criticism.html,2020-06-06
How Trump’s Demands for a Full House in Charlotte Derailed a Convention,The New York Times,https://www.nytimes.com/2020/06/06/us/politics/republican-convention-charlotte-2020.html,2020-06-06
By the Numbers: Trump Reads Economic Boom Into Jobs Data,The New York Times,https://www.nytimes.com/aponline/2020/06/06/us/politics/ap-us-trump-by-the-numbers.html,2020-06-06
Donald Trump Is Our National Catastrophe,The New York Times,https://www.nytimes.com/2020/06/05/opinion/donald-trump.html,2020-06-06
"Trump Says, ‘Call In the National Guard’",The New York Times,https://www.nytimes.com/video/us/politics/100000007177501/trump-press-conference-national-guard.html,2020-06-05
D.C.’s Mayor Fights for Control of Her City at Trump’s Front Door,The New York Times,https://www.nytimes.com/2020/06/05/us/politics/muriel-bowser-trump.html,2020-06-05
"Urging Iran to ‘Make the Big Deal,’ Trump Ties Nuclear Negotiations to Election",The New York Times,https://www.nytimes.com/2020/06/05/world/middleeast/trump-iran-nuclear.html,2020-06-05
Scores of Retired Military Leaders Publicly Denounce Trump,The New York Times,https://www.nytimes.com/aponline/2020/06/05/us/politics/ap-us-america-protests-military-leaders.html,2020-06-05
"Trump Says Jobs Report Made It a ‘Great Day’ for George Floyd, Stepping on Message",The New York Times,https://www.nytimes.com/2020/06/05/us/politics/trump-jobs-report-george-floyd.html,2020-06-05
Trump’s False Claim That ‘Nobody Has Ever Done’ More for the Black Community Than He Has,The New York Times,https://www.nytimes.com/2020/06/05/us/politics/trump-black-african-americans-fact-check.html,2020-06-05
Trump Plans to Withdraw Some U.S.,The New York Times,https://www.nytimes.com/2020/06/05/world/europe/trump-troops-europe-nato-germany.html,2020-06-05
As Trump Rekindles N.F.L.,The New York Times,https://www.nytimes.com/2020/06/05/sports/football/trump-anthem-kneeling-kaepernick.html,2020-06-05
'NO KNEELING': Trump Renews Criticism of Protests During U.S. Anthem,The New York Times,https://www.nytimes.com/reuters/2020/06/05/sports/football/05reuters-football-nfl-trump.html,2020-06-05
Trump Evokes Floyd After Hailing Strong Jobs Report,The New York Times,https://www.nytimes.com/aponline/2020/06/05/us/politics/ap-us-america-protests-trump-floyd.html,2020-06-05
Wichita State Cancels Ivanka Trump's Speech to Tech School,The New York Times,https://www.nytimes.com/aponline/2020/06/05/us/ap-us-wichita-ivanka-trump-canceled.html,2020-06-05
'Stand Up to Trump!',The New York Times,https://www.nytimes.com/reuters/2020/06/05/world/americas/05reuters-minneapolis-police-protests-ottawa.html,2020-06-05
Biden Criticizes Trump for Declaring the Economic Crisis Over,The New York Times,https://www.nytimes.com/video/us/100000007177074/biden-trump-economy-george-floyd.html,2020-06-05
Joe Biden Warns Trump Against Declaring the Economic Crisis Over,The New York Times,https://www.nytimes.com/2020/06/05/us/politics/joe-biden-trump-economy-george-floyd.html,2020-06-05
"Trump Threatens EU, China With Tariffs; Names Navarro 'Lobster King'",The New York Times,https://www.nytimes.com/reuters/2020/06/05/world/asia/05reuters-usa-trade-lobsters.html,2020-06-05
Donald Trump Says Warren Buffett Makes a Mistake Selling Airline Stocks,The New York Times,https://www.nytimes.com/reuters/2020/06/05/business/05reuters-usa-trump-berkshire-buffett.html,2020-06-05
"Trump Orders Big U.S. Troop Cut in Germany, Official Says",The New York Times,https://www.nytimes.com/reuters/2020/06/05/world/europe/05reuters-usa-germany-military.html,2020-06-05
Trump Invokes George Floyd While Hailing Jobs Report,The New York Times,https://www.nytimes.com/video/us/politics/100000007176257/trump-news-conference-jobs-report.html,2020-06-05
Trump Allows Commercial Fishing in Marine Conservation Area,The New York Times,https://www.nytimes.com/aponline/2020/06/05/business/ap-us-trump-marine-monument.html,2020-06-05
Trump Administration Orders Marriott to Cease Cuba Hotel Business,The New York Times,https://www.nytimes.com/reuters/2020/06/05/business/05reuters-cuba-usa-hotel-exclusive.html,2020-06-05
Trump Wants More Coronavirus Resources to High-Risk Groups to Allow for End to Lockdowns,The New York Times,https://www.nytimes.com/reuters/2020/06/05/us/05reuters-health-coronavirus-trump.html,2020-06-05
Trump Opens Atlantic Sanctuary to Commercial Fishing,The New York Times,https://www.nytimes.com/reuters/2020/06/05/us/05reuters-usa-environment-oceans.html,2020-06-05
"Citing Jobs, Trump Claims Victory Over Virus, Econ Collapse",The New York Times,https://www.nytimes.com/aponline/2020/06/05/business/bc-us-trump-economy.html,2020-06-05
Trump Suggests Governors Call in National Guard to 'Dominate the Streets',The New York Times,https://www.nytimes.com/reuters/2020/06/05/us/05reuters-minneapolis-police-protests-trump.html,2020-06-05
Trump Says He Views U.S.-China Trade Deal Differently Amid Coronavirus,The New York Times,https://www.nytimes.com/reuters/2020/06/05/business/05reuters-usa-trade-china.html,2020-06-05
Iranian Foreign Minister Challenges Trump to Return to Nuclear Deal,The New York Times,https://www.nytimes.com/reuters/2020/06/05/world/middleeast/05reuters-iran-usa-zarif.html,2020-06-05
Trump Touts Job Gains as 'Greatest Comeback in American History',The New York Times,https://www.nytimes.com/reuters/2020/06/05/business/05reuters-usa-economy-trump.html,2020-06-05
Twitter Disables Trump Campaign's George Floyd Video Tribute,The New York Times,https://www.nytimes.com/aponline/2020/06/05/business/bc-trump-twitter.html,2020-06-05
'Truly Sorry': Scientists Pull Panned Lancet Study of Trump-Touted Drug,The New York Times,https://www.nytimes.com/reuters/2020/06/05/world/europe/05reuters-health-coronavirus-hydroxychloroquine-lancet.html,2020-06-05
Seth Meyers Mocks Trump’s ‘Mad’ Mattis Tweets,The New York Times,https://www.nytimes.com/2020/06/05/arts/television/late-night-trump-mattis.html,2020-06-05
"Twitter, Facebook Disable Trump Video Tribute to Floyd Over Copyright Complaint",The New York Times,https://www.nytimes.com/reuters/2020/06/05/technology/05reuters-twitter-trump.html,2020-06-05
Does Drug Touted by Trump Work on COVID-19?,The New York Times,https://www.nytimes.com/reuters/2020/06/05/world/europe/05reuters-health-coronavirus-hydroxychloroquine-trials-analysis.html,2020-06-05
Trump Jabs Maine's Democratic Governor; She Hits Back,The New York Times,https://www.nytimes.com/aponline/2020/06/05/us/politics/ap-us-trump.html,2020-06-05
"Analysis: Trump Emulates Strongman Tactics, Tests His Limits",The New York Times,https://www.nytimes.com/aponline/2020/06/05/us/politics/ap-us-trump-analysis-.html,2020-06-05
Republican Senator Murkowski 'Struggling' Over Whether to Back Trump in Election,The New York Times,https://www.nytimes.com/reuters/2020/06/05/us/politics/05reuters-minneapolis-police-protests-murkowski.html,2020-06-05
Trump Campaign Removes Space Video That Violated NASA Ad Rules,The New York Times,https://www.nytimes.com/2020/06/04/science/spacex-trump-nasa.html,2020-06-05
"Trump Agrees to Send Home Troops From Washington, Easing Tensions With the Pentagon",The New York Times,https://www.nytimes.com/2020/06/04/us/politics/trump-troops-washington-pentagon.html,2020-06-05
D.C. Mayor Wants Trump's Out-Of-State Troops Gone From U.S. Capital,The New York Times,https://www.nytimes.com/reuters/2020/06/04/us/04reuters-minneapolis-police-protests-washington.html,2020-06-04
Trump’s Approval Slips Where He Can’t Afford to Lose It: Among Evangelicals,The New York Times,https://www.nytimes.com/2020/06/04/us/politics/trump-polls-christians-evangelicals.html,2020-06-04
Donald Trump Is No Richard Nixon,The New York Times,https://www.nytimes.com/2020/06/04/opinion/trump-nixon.html,2020-06-04
"Google: State-Backed Hackers Targeted Trump, Biden Campaigns",The New York Times,https://www.nytimes.com/aponline/2020/06/04/business/bc-us-presidential-campaigns-hacking-attempts.html,2020-06-04
Trump Administration Sets Demographic Requirements for Coronavirus Reports,The New York Times,https://www.nytimes.com/2020/06/04/us/politics/coronavirus-infection-demographics.html,2020-06-04
Barr Defends Trump’s Response to Protesters Outside White House,The New York Times,https://www.nytimes.com/video/us/100000007175256/barr-defends-trumps-response-to-protesters-outside-white-house.html,2020-06-04
Barr Defends Trump’s Photo Op as ‘Entirely Appropriate’,The New York Times,https://www.nytimes.com/2020/06/04/us/politics/william-barr-protests.html,2020-06-04
AP FACT CHECK: Trump Skews History by Saying He Fired Mattis,The New York Times,https://www.nytimes.com/aponline/2020/06/04/us/politics/ap-us-trump-mattis-fact-check.html,2020-06-04
Trump Seeks to Scale Back Environmental Reviews for Projects,The New York Times,https://www.nytimes.com/aponline/2020/06/04/us/politics/ap-us-trump-environment.html,2020-06-04
Criticism of Trump’s Threat to Use Military Force,The New York Times,https://www.nytimes.com/2020/06/04/opinion/letters/unrest-trump-military-mattis-esper.html,2020-06-04
"Analysis: Trump Emulates Strongman Tactics, Tests His Limits",The New York Times,https://www.nytimes.com/aponline/2020/06/04/us/politics/ap-us-trump-analysis-.html,2020-06-04
Grassley Vows to Block Trump Nominees Over Watchdog Firings,The New York Times,https://www.nytimes.com/aponline/2020/06/04/us/politics/ap-us-trump-inspectors-general.html,2020-06-04
Republican-Led Senate Confirms Divisive Trump Broadcasting Nominee Pack,The New York Times,https://www.nytimes.com/reuters/2020/06/04/us/politics/04reuters-usa-trump-broadcasting.html,2020-06-04
"This Time, Hardly Anyone Followed Trump’s Lead on Virus Drugs",The New York Times,https://www.nytimes.com/2020/06/04/us/trump-coronavirus-drugs-prescriptions.html,2020-06-04
U.S. Doctors Group Sues FDA for Limiting Access to Drug Touted by Trump for COVID-19,The New York Times,https://www.nytimes.com/reuters/2020/06/04/us/04reuters-health-coronavirus-usa-hydroxychloroquine.html,2020-06-04
"Trump, Citing Pandemic, Moves to Weaken Two Key Environmental Protections",The New York Times,https://www.nytimes.com/2020/06/04/climate/trump-environment-coronavirus.html,2020-06-04
Grassley Blocks Nominees Over Trump's Inspector General Firings,The New York Times,https://www.nytimes.com/reuters/2020/06/04/us/politics/04reuters-usa-trump-inspectorgeneral.html,2020-06-04
Trump Gives U.S.,The New York Times,https://www.nytimes.com/reuters/2020/06/04/business/04reuters-health-coronavirus-usa-environment.html,2020-06-04
Trump and the Military: A Mutual Embrace Might Dissolve on America’s Streets,The New York Times,https://www.nytimes.com/2020/06/04/us/politics/trump-military-protests.html,2020-06-04
Trump Is Waiting to Take ‘Law and Order’ Into His Own Hands,The New York Times,https://www.nytimes.com/2020/06/04/opinion/trump-cotton-military-floyd-protests.html,2020-06-04
Senate Confirms Trump's Pick to Lead Voice of America,The New York Times,https://www.nytimes.com/aponline/2020/06/04/arts/ap-us-united-states-voice-of-america.html,2020-06-04
"Murkowski Endorses Mattis’s Criticism of Trump, Calling it ‘Necessary and Overdue’",The New York Times,https://www.nytimes.com/2020/06/04/us/politics/murkowski-mattis-trump.html,2020-06-04
Trump Strategizes With Campaign Advisers on Re-election Amid Growing Challenges,The New York Times,https://www.nytimes.com/reuters/2020/06/04/us/politics/04reuters-usa-election-trump.html,2020-06-04
Social Distancing Not Required at Trump Mount Rushmore Event,The New York Times,https://www.nytimes.com/aponline/2020/06/04/us/ap-us-mount-rushmore-trump.html,2020-06-04
"Chinese and Iranian Hackers Targeted Biden and Trump Campaigns, Google Says",The New York Times,https://www.nytimes.com/reuters/2020/06/04/technology/04reuters-usa-election-alphabet-cyberattack.html,2020-06-04
Bishop Budde: Trump’s Visit to St. John’s Church Outraged Me,The New York Times,https://www.nytimes.com/2020/06/04/opinion/trump-st-johns-church-protests.html,2020-06-04
Republican Senator Murkowski 'Struggling' Over Whether to Back Trump in Election,The New York Times,https://www.nytimes.com/reuters/2020/06/04/us/politics/04reuters-minneapolis-police-protests-murkowski.html,2020-06-04
"Trump Says White Has Left Iranian Airspace, Should Be Home Soon",The New York Times,https://www.nytimes.com/reuters/2020/06/04/world/middleeast/04reuters-iran-usa-prisoners-trump.html,2020-06-04
The Damage Trump Has Done This Week Extends Far Beyond America’s Borders,The New York Times,https://www.nytimes.com/2020/06/04/opinion/trump-protests-global.html,2020-06-04
AP FACT CHECK: Trump Denies Tear Gas Use Despite Evidence,The New York Times,https://www.nytimes.com/aponline/2020/06/04/us/politics/ap-us-trump-tear-gas-fact-check.html,2020-06-04
Does Drug Touted by Trump Work on COVID-19?,The New York Times,https://www.nytimes.com/reuters/2020/06/04/world/europe/04reuters-health-coronavirus-hydroxychloroquine-trials-analysis.html,2020-06-04
Trump’s Rough Patch,The New York Times,https://www.nytimes.com/2020/06/04/briefing/james-mattis-george-floyd-coronavirus-your-thursday-briefing.html,2020-06-04
Some Israeli Settlers Hit Out at Trump-Backed Annexation Plan,The New York Times,https://www.nytimes.com/reuters/2020/06/04/world/middleeast/04reuters-israel-palestinians-annexation.html,2020-06-04
A Triple Whammy of Crises Tests Trump's Support Ahead of November's Election,The New York Times,https://www.nytimes.com/reuters/2020/06/04/us/politics/04reuters-minneapolis-police-trump-risks.html,2020-06-04
Trump Tests a Role He’s Long Admired: A Strongman Imposing Order,The New York Times,https://www.nytimes.com/2020/06/04/world/americas/trump-george-floyd.html,2020-06-04
Following Mattis: More in the GOP Frown on Trump's Tone,The New York Times,https://www.nytimes.com/aponline/2020/06/04/us/politics/ap-us-republicans-defending-trump.html,2020-06-04
Pentagon-Trump Clash Breaks Open Over Military and Protests,The New York Times,https://www.nytimes.com/aponline/2020/06/04/us/politics/ap-us-america-protests-trump.html,2020-06-04
Shell Plastics Plant Trump Touted Faces Oversupply Risks: Energy Institute Report,The New York Times,https://www.nytimes.com/reuters/2020/06/04/business/04reuters-usa-plastics-shell-pennsylvania.html,2020-06-04
Trump’s Magic Word,The New York Times,https://www.nytimes.com/2020/06/03/opinion/trump-dominate.html,2020-06-04
Trump Uses the Military to Prove His Manhood,The New York Times,https://www.nytimes.com/2020/06/03/opinion/trump-military-protest.html,2020-06-04
Mattis Accuses Trump of Dividing the Nation in a Time of Crisis,The New York Times,https://www.nytimes.com/2020/06/03/us/politics/jim-mattis-trump-protests.html,2020-06-04
AP FACT CHECK: Trump Denies Tear Gas Use Despite Evidence,The New York Times,https://www.nytimes.com/aponline/2020/06/03/us/politics/ap-us-trump-tear-gas-fact-check.html,2020-06-04
Esper Breaks With Trump on Using Troops Against Protesters,The New York Times,https://www.nytimes.com/2020/06/03/us/politics/esper-milley-trump-protest.html,2020-06-04
"After Long Silence, Mattis Denounces Trump and Military Response to Crisis",The New York Times,https://www.nytimes.com/reuters/2020/06/03/us/politics/03reuters-minneapolis-police-trump-mattis.html,2020-06-03
"Trump ‘Remains Healthy’ After Taking Hydroxychloroquine, His Doctor Says",The New York Times,https://www.nytimes.com/2020/06/03/us/politics/trump-physical-hydroxychloroquine.html,2020-06-03
Trump Campaign Looks at Electoral Map and Doesn’t Like What It Sees,The New York Times,https://www.nytimes.com/2020/06/03/us/politics/trump-campaign-virus-protests-polls.html,2020-06-03
Ex-Defense Chief Mattis Rips Trump for Dividing Americans,The New York Times,https://www.nytimes.com/aponline/2020/06/03/us/politics/ap-us-america-protests-trump-mattis.html,2020-06-03
"Trump Photo Op, Talk of Military Force Amp Up GOP Challenge",The New York Times,https://www.nytimes.com/aponline/2020/06/03/us/politics/ap-us-republicans-defending-trump.html,2020-06-03
Early Facebook Staffers Denounce Zuckerberg Stance on Trump Posts,The New York Times,https://www.nytimes.com/reuters/2020/06/03/business/03reuters-facebook-trump-employee-criticism.html,2020-06-03
Trump Not Considering Sanctions on China's Xi Over Hong Kong,The New York Times,https://www.nytimes.com/reuters/2020/06/03/world/asia/03reuters-hongkong-protests-usa-trump.html,2020-06-03
Trump Says He Likely Won't Need Military to Respond to Protests,The New York Times,https://www.nytimes.com/reuters/2020/06/03/us/03reuters-usa-trump-military.html,2020-06-03
States Jockey to Host Trump as He Accepts GOP Nomination,The New York Times,https://www.nytimes.com/aponline/2020/06/03/us/politics/ap-us-election-2020-republican-convention-.html,2020-06-03
Doctors Kept Close Eye on Trump's Use of Malaria Drug,The New York Times,https://www.nytimes.com/aponline/2020/06/03/us/politics/ap-us-trump-physical.html,2020-06-03
"Trump's Church Visit, Response to George Floyd's Death Frustrate Some Advisers",The New York Times,https://www.nytimes.com/reuters/2020/06/03/us/03reuters-minneapolis-police-trump.html,2020-06-03
White House: Trump Church Visit Akin to Churchill WWII Role,The New York Times,https://www.nytimes.com/aponline/2020/06/03/us/politics/ap-us-trump-churchill.html,2020-06-03
Trump Was Wrong to Deploy Troops.,The New York Times,https://www.nytimes.com/2020/06/03/opinion/trump-army-insurrection-act.html,2020-06-03
Trump to Accept Republican Presidential Nomination Outside of North Carolina,The New York Times,https://www.nytimes.com/reuters/2020/06/03/us/politics/03reuters-usa-election-republicans.html,2020-06-03
"Trump Without Side Effects After Two-Week Course of Anti-Malaria Drug, White House Doctor Says",The New York Times,https://www.nytimes.com/reuters/2020/06/03/us/03reuters-usa-trump-health.html,2020-06-03
Snapchat to Stop 'Promoting' Trump Amid Uproar Over Tweets,The New York Times,https://www.nytimes.com/aponline/2020/06/03/business/bc-us-snapchat-trump.html,2020-06-03
Early Facebook Employees Disavow Zuckerberg’s Stance on Trump Posts,The New York Times,https://www.nytimes.com/2020/06/03/technology/facebook-trump-employees-letter.html,2020-06-03
"Malaria Drug Promoted by Trump Did Not Prevent Covid Infections, Study Finds",The New York Times,https://www.nytimes.com/2020/06/03/health/hydroxychloroquine-coronavirus-trump.html,2020-06-03
Snapchat Removes Trump Account From Curated Promotional Section,The New York Times,https://www.nytimes.com/reuters/2020/06/03/business/03reuters-snap-trump.html,2020-06-03
Trump and Aides Try to Change the Narrative of the White House Protests,The New York Times,https://www.nytimes.com/2020/06/03/us/politics/trump-protests.html,2020-06-03
Trump Administration Selects Five Coronavirus Vaccine Candidates as Finalists,The New York Times,https://www.nytimes.com/2020/06/03/us/politics/coronavirus-vaccine-trump-moderna.html,2020-06-03
"NY Governor Allows Outdoor Dining in Phase Two, Jabs at Trump Bible Photo",The New York Times,https://www.nytimes.com/reuters/2020/06/03/us/politics/03reuters-minneapolis-police-protests-new-york.html,2020-06-03
Snap Says It Will No Longer Promote Trump’s Account,The New York Times,https://www.nytimes.com/2020/06/03/technology/snapchat-trump.html,2020-06-03
"U.S. Defense Chief Opposes Deploying Troops to Quell Protests, Despite Trump Threats",The New York Times,https://www.nytimes.com/reuters/2020/06/03/us/03reuters-minneapolis-police-protests-pentagon.html,2020-06-03
Trump Administration Moves to Block Chinese Airlines From US,The New York Times,https://www.nytimes.com/aponline/2020/06/03/business/bc-us-chinese-airlines.html,2020-06-03
China Steps Back in Airline Dispute With the Trump Administration,The New York Times,https://www.nytimes.com/2020/06/03/business/trump-china-flights-ban.html,2020-06-03
Trump Says It's 'Common Sense' to Include Russia in G7,The New York Times,https://www.nytimes.com/reuters/2020/06/03/world/asia/03reuters-g7-summit-trump.html,2020-06-03
Trump Says Did Not Ask for Protesters to Be Moved Before Visit to Church: Fox News Radio,The New York Times,https://www.nytimes.com/reuters/2020/06/03/us/03reuters-minneapolis-police-protests-church.html,2020-06-03
Trudeau at a Loss for Words Over Question on Trump and Protests,The New York Times,https://www.nytimes.com/video/us/100000007171707/trudeau-pause-protests-united-states.html,2020-06-03
Japan Has No Position Yet on Trump's Plan to Expand G7 Summit,The New York Times,https://www.nytimes.com/reuters/2020/06/03/world/asia/03reuters-g7-japan-aso.html,2020-06-03
"Hey @jack, Here Are More Questionable Tweets From @realdonaldtrump",The New York Times,https://www.nytimes.com/2020/06/03/us/politics/trump-twitter-fact-check.html,2020-06-03
Black Voters Are Coming for Trump,The New York Times,https://www.nytimes.com/2020/06/03/opinion/sunday/biden-black-vote-trump.html,2020-06-03
Seth Meyers Critiques Trump’s Photo Op,The New York Times,https://www.nytimes.com/2020/06/03/arts/television/late-night-trump-photo-op.html,2020-06-03
Trump Says Republican Convention Will Not Be Held in North Carolina,The New York Times,https://www.nytimes.com/reuters/2020/06/03/us/politics/03reuters-usa-election-republican-convention.html,2020-06-03
Malaria Drug Touted by Trump Fails to Prevent COVID-19 in High Profile Study,The New York Times,https://www.nytimes.com/reuters/2020/06/03/world/europe/03reuters-health-coronavirus-hydroxychloroquine.html,2020-06-03
"Exclusive: Most Americans Sympathize With Protests, Disapprove of Trump's Response-Reuters/Ipsos",The New York Times,https://www.nytimes.com/reuters/2020/06/03/us/03reuters-minneapolis-police-poll-exclusive.html,2020-06-03
"Trump Won't Be in Charlotte, but RNC May Still Hold Events",The New York Times,https://www.nytimes.com/aponline/2020/06/03/us/ap-us-virus-outbreak-republican-convention.html,2020-06-03
Trump Tries Religious Gestures to Hike Support Amid Protests,The New York Times,https://www.nytimes.com/aponline/2020/06/03/us/politics/ap-us-trump-religion.html,2020-06-03
Pentagon-Trump Clash Breaks Open Over Military and Protests,The New York Times,https://www.nytimes.com/aponline/2020/06/03/us/politics/ap-us-america-protests-trump.html,2020-06-03
Zuckerberg Still Under Fire Over Inflammatory Trump Posts,The New York Times,https://www.nytimes.com/aponline/2020/06/03/business/ap-us-facebook-trump-resignations.html,2020-06-03
Trump Says Republican Convention Will Not Be Held in North Carolina,The New York Times,https://www.nytimes.com/reuters/2020/06/02/us/politics/02reuters-usa-election-republican-trump.html,2020-06-03
Religious Leaders Criticize Trump After Church Photo,The New York Times,https://www.nytimes.com/reuters/2020/06/02/us/02reuters-minneapolis-police-protests-religion.html,2020-06-03
How Trump’s Idea for a Photo Op Led to Havoc in a Park,The New York Times,https://www.nytimes.com/2020/06/02/us/politics/trump-walk-lafayette-square.html,2020-06-03
"Former President Bush, Contrasting Trump Approach, Says Protesters Should Be Heard",The New York Times,https://www.nytimes.com/reuters/2020/06/02/us/politics/02reuters-minneapolis-police-protests-bush.html,2020-06-03
What Does the Bible Mean to Trump?,The New York Times,https://www.nytimes.com/2020/06/02/us/politics/trump-bible-st-johns.html,2020-06-03
Trump Deploys the Full Might of Federal Law Enforcement to Crush Protests,The New York Times,https://www.nytimes.com/2020/06/02/us/politics/trump-law-enforcement-protests.html,2020-06-03
Zuckerberg Still Under Fire Over Inflammatory Trump Posts,The New York Times,https://www.nytimes.com/aponline/2020/06/02/business/bc-us-facebook-trump-resignations.html,2020-06-03
"In Rare Break, Some Republicans Reject Trump’s Harsh Response to Unrest",The New York Times,https://www.nytimes.com/2020/06/02/us/trump-republicans-protesters.html,2020-06-02
Trump’s Visits to Church and Shrine Draw Fierce Rebukes From D.C. Clergy,The New York Times,https://www.nytimes.com/2020/06/02/us/politics/trump-church.html,2020-06-02
"Exclusive: Most Americans Sympathize With Protests, Disapprove of Trump's Response-Reuters/Ipsos",The New York Times,https://www.nytimes.com/reuters/2020/06/02/us/02reuters-minneapolis-police-poll-exclusive.html,2020-06-02
Trump Tries Religious Gestures to Hike Support Amid Protests,The New York Times,https://www.nytimes.com/aponline/2020/06/02/us/politics/ap-us-trump-religion.html,2020-06-02
"Trump Suggested Taking Control of Washington, D.C. Police: Reports",The New York Times,https://www.nytimes.com/reuters/2020/06/02/us/02reuters-minneapolis-police-protests-washingtondc.html,2020-06-02
Perils for Pentagon as Trump Threatens to Militarize Response to Civil Unrest,The New York Times,https://www.nytimes.com/reuters/2020/06/02/us/politics/02reuters-minneapolis-police-military.html,2020-06-02
Senate Republicans Block Move to Condemn Trump on Force Against Peaceful Protesters,The New York Times,https://www.nytimes.com/reuters/2020/06/02/us/politics/02reuters-minneapolis-police-congress-condemn.html,2020-06-02
What Democracy Scholars Thought of Trump’s Bible Photo Op,The New York Times,https://www.nytimes.com/2020/06/02/us/politics/trump-holds-bible-photo.html,2020-06-02
Tech-Rights Group Sues Trump to Stop Social-Media Order,The New York Times,https://www.nytimes.com/aponline/2020/06/02/business/bc-us-trump-twitter-lawsuit.html,2020-06-02
Some Governors Balk at Trump Request to Send Troops to DC,The New York Times,https://www.nytimes.com/aponline/2020/06/02/us/politics/ap-us-america-protests-national-guard.html,2020-06-02
Advocacy Group Sues to Block Trump Social Media Executive Order,The New York Times,https://www.nytimes.com/reuters/2020/06/02/business/02reuters-twitter-trump.html,2020-06-02
Study Panning Anti-Malaria Drug Trump Took Against COVID Faces New Questions,The New York Times,https://www.nytimes.com/reuters/2020/06/02/us/02reuters-health-coronavirus-hydroxychloroquine.html,2020-06-02
Republicans Will Move Trump Convention Speech Out of Charlotte,The New York Times,https://www.nytimes.com/2020/06/02/us/politics/convention-charlotte-virus-republicans.html,2020-06-02
Tech Advocacy Group's Lawsuit Says Trump's Order on Social Media Is Unconstitutional,The New York Times,https://www.nytimes.com/reuters/2020/06/02/business/02reuters-twitter-trump-lawsuit.html,2020-06-02
Trump Says Republican Convention Will Not Be Held in North Carolina,The New York Times,https://www.nytimes.com/reuters/2020/06/02/us/politics/02reuters-usa-election-republican-convention.html,2020-06-02
"After Facebook Staff Walkout, Zuckerberg Defends No Action on Trump Posts",The New York Times,https://www.nytimes.com/reuters/2020/06/02/technology/02reuters-facebook-protests-allhands.html,2020-06-02
Lawsuit Says Trump’s Social Media Crackdown Violates Free Speech,The New York Times,https://www.nytimes.com/2020/06/02/technology/trump-twitter-free-speech-lawsuit.html,2020-06-02
"Trump’s Threats, and a Photo Op at a Church",The New York Times,https://www.nytimes.com/2020/06/02/opinion/letters/trump-church-unrest-george-floyd.html,2020-06-02
Trump’s Response to Twitter Is Unconstitutional Harassment,The New York Times,https://www.nytimes.com/2020/06/02/opinion/trump-twitter-executive-order.html,2020-06-02
Zuckerberg Defends Hands-Off Approach to Trump’s Posts,The New York Times,https://www.nytimes.com/2020/06/02/technology/zuckerberg-defends-facebook-trump-posts.html,2020-06-02
"Embattled at Home, Trump Finds Himself Isolated Abroad, Too",The New York Times,https://www.nytimes.com/2020/06/02/world/europe/trump-merkel-allies.html,2020-06-02
Pelosi Urges Trump to Be a ‘Healer in Chief’,The New York Times,https://www.nytimes.com/video/us/politics/100000007169902/pelosi-trump-protests-george-floyd.html,2020-06-02
"Trump and Bolsonaro Discussed Research Effort on Using Hydroxychloroquine to Fight Coronavirus, White House Says",The New York Times,https://www.nytimes.com/reuters/2020/06/02/world/americas/02reuters-health-coronavirus-usa-brazil.html,2020-06-02
India's Modi Gets Trump Invite to Attend G7 Summit: Ministry,The New York Times,https://www.nytimes.com/reuters/2020/06/02/world/asia/02reuters-india-usa.html,2020-06-02
Trump’s Response to Protests Draws Bipartisan Rebuke in Congress,The New York Times,https://www.nytimes.com/2020/06/02/us/politics/trump-congress-protesters-tear-gas.html,2020-06-02
Trump Administration Escalates Global Fight Over Taxing Tech,The New York Times,https://www.nytimes.com/2020/06/02/business/economy/trade-digital-tax-tech.html,2020-06-02
GOP Senators Offer Rare Rebuke of Trump on Church Visit,The New York Times,https://www.nytimes.com/aponline/2020/06/02/us/politics/ap-us-america-protests-congress-republicans.html,2020-06-02
Trump Says GOP Is Pulling Convention From North Carolina,The New York Times,https://www.nytimes.com/aponline/2020/06/02/us/ap-us-virus-outbreak-republican-convention.html,2020-06-02
Trump Questions Render Trudeau Speechless for 21 Seconds,The New York Times,https://www.nytimes.com/aponline/2020/06/02/world/ap-cn-canada-trudeau-trump.html,2020-06-02
Virginia County Pulls Officers From DC After Trump Photo-Op,The New York Times,https://www.nytimes.com/aponline/2020/06/02/us/ap-us-america-protests-police-withdrawn.html,2020-06-02
The Last Temptation of Trump,The New York Times,https://www.nytimes.com/2020/06/02/opinion/trump-bible-speech-st-johns-church.html,2020-06-02
Pelosi Urges Trump to Be 'Healer in Chief' as Protests Rage,The New York Times,https://www.nytimes.com/aponline/2020/06/02/us/politics/ap-us-america-protests-congress.html,2020-06-02
Former Commanders Fault Trump’s Use of Troops Against Protesters,The New York Times,https://www.nytimes.com/2020/06/02/us/politics/military-national-guard-trump-protests.html,2020-06-02
"What Is the Insurrection Act of 1807, the Law Behind Trump’s Threat to States?",The New York Times,https://www.nytimes.com/article/insurrection-act.html,2020-06-02
"Biden Vows to Heal Racial Wounds, Rips Trump as Divisive: 'Is This Who We Want to Be?'",The New York Times,https://www.nytimes.com/reuters/2020/06/02/us/politics/02reuters-usa-election-biden.html,2020-06-02
Joe Biden Laces Into Trump for Fanning ‘Flames of Hate’,The New York Times,https://www.nytimes.com/2020/06/02/us/politics/joe-biden-philadelphia-protests.html,2020-06-02
Kremlin Says Trump's Possible G7 Invitation Raises More Questions Than Answers,The New York Times,https://www.nytimes.com/reuters/2020/06/02/world/europe/02reuters-russia-usa-putin-trump.html,2020-06-02
"EU Says Russia Should Not Yet Rejoin G7, Despite Trump Plan",The New York Times,https://www.nytimes.com/aponline/2020/06/02/world/europe/ap-eu-europe-us-russia-g7.html,2020-06-02
Explainer: Can Trump Send the U.S. Military to Quell Violence at Protests?,The New York Times,https://www.nytimes.com/reuters/2020/06/02/us/politics/02reuters-minneapolis-police-protests-explainer.html,2020-06-02
"With Rallies Halted and Tweets Fact-Checked, Trump Campaign Turns to Smartphone App",The New York Times,https://www.nytimes.com/reuters/2020/06/02/us/politics/02reuters-usa-election-trump.html,2020-06-02
Trump Throws Fuel on the Fire,The New York Times,https://www.nytimes.com/2020/06/02/us/politics/trump-protests-white-house.html,2020-06-02
Trump Thinks He’s 2020’s ‘Law and Order’ Candidate.,The New York Times,https://www.nytimes.com/2020/06/02/opinion/floyd-trump-nixon-coronavirus.html,2020-06-02
Donald Trump Is Lost in Space,The New York Times,https://www.nytimes.com/2020/06/02/opinion/donald-trump-is-lost-in-space.html,2020-06-02
Senate Republicans Block Bill Condemning Trump Over Protesters,The New York Times,https://www.nytimes.com/reuters/2020/06/02/us/politics/02reuters-minneapolis-police-congress.html,2020-06-02
Protesters Return to the Streets as Trump Decries 'Lowlifes',The New York Times,https://www.nytimes.com/aponline/2020/06/02/us/politics/ap-us-america-protests.html,2020-06-02
Republicans Fear Trump’s Criticism of Mail-In Ballots Will Hurt Them,The New York Times,https://www.nytimes.com/2020/06/02/us/politics/republicans-mail-voting-trump.html,2020-06-02
Australian PM Accepts G7 Invitation During Call With Trump,The New York Times,https://www.nytimes.com/reuters/2020/06/02/world/europe/02reuters-g7-summit-usa-australia.html,2020-06-02
Trump Offers 'Domination' of DC Protests as Model for States,The New York Times,https://www.nytimes.com/aponline/2020/06/02/us/politics/ap-us-america-protests-trump.html,2020-06-02
"Tear Gas, Threats for Protesters Before Trump Visits Church",The New York Times,https://www.nytimes.com/aponline/2020/06/02/us/politics/ap-us-america-protests-trump-moment.html,2020-06-02
DC Episcopal Bishop: 'I Am Outraged' by Trump Church Visit,The New York Times,https://www.nytimes.com/aponline/2020/06/02/us/politics/ap-us-america-protests-trump-church.html,2020-06-02
"George Floyd, Donald Trump, Hong Kong: Your Tuesday Briefing",The New York Times,https://www.nytimes.com/2020/06/02/briefing/george-floyd-donald-trump-hong-kong.html,2020-06-02
A Look at the Antifa Movement Trump Is Blaming for Violence,The New York Times,https://www.nytimes.com/aponline/2020/06/02/us/politics/ap-us-america-protests-antifa-qa.html,2020-06-02
Biden Blasts Trump's 'Narcissism' in New Phase of Campaign,The New York Times,https://www.nytimes.com/aponline/2020/06/02/us/politics/ap-us-election-2020-biden.html,2020-06-02
AP FACT CHECK: Trump’s Move to Quit WHO Cites Flawed Facts,The New York Times,https://www.nytimes.com/aponline/2020/06/02/us/politics/ap-us-virus-outbreak-trump-who-fact-check.html,2020-06-02
Trump as Thug or Hero?,The New York Times,https://www.nytimes.com/aponline/2020/06/01/us/ap-us-america-protests-split-screen.html,2020-06-02
Tucker Carlson of Fox News Accuses Trump of Being Too Lenient on Protests,The New York Times,https://www.nytimes.com/2020/06/01/business/media/unrest-trump-tucker-carlson-anderson-cooper.html,2020-06-02
Protesters Dispersed With Tear Gas So Trump Could Pose at Church,The New York Times,https://www.nytimes.com/2020/06/01/us/politics/trump-st-johns-church-bible.html,2020-06-02
Explainer: Can Trump Send the U.S. Military to Quell Violence at Protests?,The New York Times,https://www.nytimes.com/reuters/2020/06/01/us/01reuters-minneapolis-police-protests-explainer.html,2020-06-02
DC Episcopal Bishop: 'I Am Outraged' by Trump Church Visit,The New York Times,https://www.nytimes.com/aponline/2020/06/01/us/ap-us-america-protests-trump-church.html,2020-06-02
"Tear Gas, Threats for Protesters Before Trump Visits Church",The New York Times,https://www.nytimes.com/aponline/2020/06/01/us/politics/ap-us-america-protests-trump-moment.html,2020-06-02
Democratic Governors Reject Trump's Call to Send in Military,The New York Times,https://www.nytimes.com/aponline/2020/06/01/us/ap-america-protests-governors.html,2020-06-02
"‘I Am Your President of Law and Order,’ Trump Says",The New York Times,https://www.nytimes.com/video/us/politics/100000007168573/trump-floyd-protests.html,2020-06-02
Trump Vowed to Disrupt Washington.,The New York Times,https://www.nytimes.com/2020/06/01/us/politics/trump-washington-protests-riots.html,2020-06-01
"Trump and Putin Discuss Russia’s Attendance at G7, but Allies Are Wary",The New York Times,https://www.nytimes.com/2020/06/01/us/politics/trump-putin-g7.html,2020-06-01
Trump Takes Us to the Brink,The New York Times,https://www.nytimes.com/2020/06/01/opinion/trump-george-floyd-police-brutality.html,2020-06-01
Facebook and Twitter Must Do More About Trump’s Tweets,The New York Times,https://www.nytimes.com/2020/06/01/opinion/trump-twitter-facebook.html,2020-06-01
"Trump, Protesters, Autopsy: Your Monday Evening Briefing",The New York Times,https://www.nytimes.com/2020/06/01/briefing/trump-protesters-autopsy.html,2020-06-01
Police Target Journalists as Trump Blames ‘Lamestream Media’ for Protests,The New York Times,https://www.nytimes.com/2020/06/01/business/media/reporters-protests-george-floyd.html,2020-06-01
"As Trump Calls Protesters ‘Terrorists,’ Tear Gas Clears a Path for His Walk to a Church",The New York Times,https://www.nytimes.com/2020/06/01/us/politics/trump-governors.html,2020-06-01
Facebook Employees Stage Virtual Walkout to Protest Trump Posts,The New York Times,https://www.nytimes.com/2020/06/01/technology/facebook-employee-protest-trump.html,2020-06-01
China Offers Measured Response to Trump’s Move on Hong Kong,The New York Times,https://www.nytimes.com/2020/06/01/world/asia/china-trump-hong-kong.html,2020-06-01
"The Nation Seethes, and Trump’s Response Follows a Pattern",The New York Times,https://www.nytimes.com/2020/06/01/us/politics/floyd-protests-trump-biden.html,2020-06-01
Tear Gas Clears Path for Trump to Visit Church,The New York Times,https://www.nytimes.com/2020/06/01/us/floyd-protests-live.html,2020-06-01
"Global Anger Grows Over George Floyd Death, and Becomes an Anti-Trump Cudgel",The New York Times,https://www.nytimes.com/2020/06/01/world/asia/george-floyd-protest-global.html,2020-06-01
What Trump and Toxic Cops Have in Common,The New York Times,https://www.nytimes.com/2020/05/31/opinion/trump-police-george-floyd.html,2020-05-31
"As Protests and Violence Spill Over, Trump Shrinks Back",The New York Times,https://www.nytimes.com/2020/05/31/us/politics/trump-protests-george-floyd.html,2020-05-31
"What Is Antifa, the Movement Trump Wants to Declare a Terror Group?",The New York Times,https://www.nytimes.com/article/what-antifa-trump.html,2020-05-31
"Trump, Lacking Clear Authority, Says U.S. Will Declare Antifa a Terrorist Group",The New York Times,https://www.nytimes.com/2020/05/31/us/politics/trump-antifa-terrorist-group.html,2020-05-31
"In Seeking to Hold Michigan, Trump Can Be His Own Worst Enemy",The New York Times,https://www.nytimes.com/2020/05/31/us/politics/michigan-trump-election.html,2020-05-31
Black Americans Have a Message for Democrats: Not Being Trump Is Not Enough,The New York Times,https://www.nytimes.com/2020/05/31/us/politics/black-americans-democrats-trump.html,2020-05-31
Trump Postpones G7 Summit and Calls for Russia to Attend,The New York Times,https://www.nytimes.com/2020/05/30/us/politics/trump-g7-russia.html,2020-05-31
Trump Hopes for His Own Booster Shot From SpaceX Rocket Launch,The New York Times,https://www.nytimes.com/2020/05/30/us/politics/trump-spacex-launch.html,2020-05-31
"Minnesota Needs to ‘Get Tougher’ on Protesters, Trump Says",The New York Times,https://www.nytimes.com/video/us/politics/100000007165170/trump-minnesota-floyd-protests.html,2020-05-30
Trump Threatens White House Protesters With ‘Vicious Dogs’ and ‘Ominous Weapons’,The New York Times,https://www.nytimes.com/2020/05/30/us/politics/trump-threatens-protesters-dogs-weapons.html,2020-05-30
Twitter Had Been Drawing a Line for Months When Trump Crossed It,The New York Times,https://www.nytimes.com/2020/05/30/technology/twitter-trump-dorsey.html,2020-05-30
"In Hong Kong, Anxiety and Defiance Over Trump’s Move to Cut Ties",The New York Times,https://www.nytimes.com/2020/05/30/world/asia/hong-kong-trump-china.html,2020-05-30
Trump Postpones June G7 Summit,The New York Times,https://www.nytimes.com/2020/05/30/world/coronavirus-news-update.html,2020-05-30
"Over Veterans’ Protests, Trump Vetoes Measure to Block Student Loan Rules",The New York Times,https://www.nytimes.com/2020/05/29/us/politics/devos-trump-student-loan-rules.html,2020-05-29
"George Floyd’s Family Is ‘Entitled To Justice,’ Trump Says",The New York Times,https://www.nytimes.com/video/us/politics/100000007164486/trump-george-floyd.html,2020-05-29
"Blaming China for Pandemic, Trump Says U.S. Will Leave the W.H.O.",The New York Times,https://www.nytimes.com/2020/05/29/health/virus-who.html,2020-05-29
"While Twitter Confronts Trump, Zuckerberg Keeps Facebook Out of It",The New York Times,https://www.nytimes.com/2020/05/29/technology/twitter-facebook-zuckerberg-trump.html,2020-05-29
President Trump Is a Doughnut,The New York Times,https://www.nytimes.com/2020/05/29/opinion/trump-2020-election.html,2020-05-29
Trump Announces That the U.S. Will Withdraw From the W.H.O.,The New York Times,https://www.nytimes.com/video/us/politics/100000007163886/trump-who-coronavirus-china.html,2020-05-29
"‘This Is No Time for Incendiary Tweets,’ Biden Says, Rebuking Trump",The New York Times,https://www.nytimes.com/video/us/politics/100000007163887/biden-george-floyd-trump.html,2020-05-29
"Trump, Twitter and the First Amendment",The New York Times,https://www.nytimes.com/2020/05/29/opinion/letters/trump-twitter.html,2020-05-29
"What Trump, Biden and Obama Said About the Death of George Floyd",The New York Times,https://www.nytimes.com/2020/05/29/us/politics/george-floyd-trump-biden-obama.html,2020-05-29
"Rebuking China, Trump Curtails Ties to Hong Kong and Severs Them With W.H.O.",The New York Times,https://www.nytimes.com/2020/05/29/us/politics/trump-hong-kong-china-WHO.html,2020-05-29
A Trump vs. Twitter Week,The New York Times,https://www.nytimes.com/2020/05/29/technology/trump-twitter-warning.html,2020-05-29
‘Looting’ Comment From Trump Dates Back to Racial Unrest of the 1960s,The New York Times,https://www.nytimes.com/2020/05/29/us/looting-starts-shooting-starts.html,2020-05-29
Trump’s Looting and ‘Shooting’ Remarks Escalate Crisis in Minneapolis,The New York Times,https://www.nytimes.com/2020/05/29/us/politics/trump-looting-shooting.html,2020-05-29
"When Voters Discuss Coronavirus, They’re Really Talking About Trump",The New York Times,https://www.nytimes.com/2020/05/29/us/politics/trump-coronavirus-polls.html,2020-05-29
It’s Trump vs. Twitter,The New York Times,https://www.nytimes.com/2020/05/29/business/dealbook/trump-twitter-social-media.html,2020-05-29
Trump Speaks on China.,The New York Times,https://www.nytimes.com/2020/05/29/business/stock-market-today-coronavirus.html,2020-05-29
Did You Really Think Trump Would Mourn With Us?,The New York Times,https://www.nytimes.com/2020/05/29/opinion/coronovirus-mourning-trump.html,2020-05-29
How Trump’s Tweets Cause Collateral Damage for Families Already in Pain,The New York Times,https://www.nytimes.com/2020/05/29/us/politics/trump-scarborough-klausutis.html,2020-05-29
"Twitter Adds Warnings to Trump and White House Tweets, Fueling Tensions",The New York Times,https://www.nytimes.com/2020/05/29/technology/trump-twitter-minneapolis-george-floyd.html,2020-05-29
"Inclusion of Transgender Student Athletes Violates Title IX, Trump Administration Says",The New York Times,https://www.nytimes.com/2020/05/29/us/connecticut-transgender-student-athletes.html,2020-05-29
"Trump’s Order Targeting Social Media Sites, Explained",The New York Times,https://www.nytimes.com/2020/05/28/us/politics/trump-twitter-explained.html,2020-05-28
Trump Officials Consider Defying Congress to Sell More Weapons to Saudi Arabia,The New York Times,https://www.nytimes.com/2020/05/28/us/politics/congress-saudi-arabia-arms-sales.html,2020-05-28
"Trump Signs Executive Order on Social Media, Claiming to Protect ‘Free Speech’",The New York Times,https://www.nytimes.com/2020/05/28/us/politics/trump-order-social-media.html,2020-05-28
Once Investigated Trump Campaign Adviser’s Ties to Egypt,The New York Times,https://www.nytimes.com/2020/05/28/us/politics/mueller-walid-phares.html,2020-05-28
Trump’s Order on Social Media Could Harm One Person in Particular: Donald Trump,The New York Times,https://www.nytimes.com/2020/05/28/us/politics/trump-jack-dorsey.html,2020-05-28
Management of Bailout Money Poses Political Test for Trump,The New York Times,https://www.nytimes.com/2020/05/28/us/politics/bailout-coronavirus-trump-ppp.html,2020-05-28
"Defying Trump, Twitter Doubles Down on Labeling Tweets",The New York Times,https://www.nytimes.com/2020/05/28/technology/trump-twitter-fact-check.html,2020-05-28
Legal Shield for Social Media Is Targeted by Trump,The New York Times,https://www.nytimes.com/2020/05/28/business/section-230-internet-speech.html,2020-05-28
House Pulls Surveillance Measure After Trump Tells Republicans to Vote No,The New York Times,https://www.nytimes.com/2020/05/28/us/politics/fisa-surveillance-fbi-trump.html,2020-05-28
Trump and Biden Will Fight the Election With Charts,The New York Times,https://www.nytimes.com/2020/05/28/business/dealbook/trump-biden-economics.html,2020-05-28
Biden’s Testing Strategy Sets Up a Clear Contrast With Trump on the Coronavirus,The New York Times,https://www.nytimes.com/2020/05/28/us/politics/biden-trump-coronavirus-testing.html,2020-05-28
Get Republicans to Vote Against Trump?,The New York Times,https://www.nytimes.com/2020/05/28/us/politics/republican-voters-against-trump.html,2020-05-28
Trump’s ‘Horrifying Lies’ About Lori Klausutis May Cross a Legal Line,The New York Times,https://www.nytimes.com/2020/05/28/opinion/twitter-trump-scarborough.html,2020-05-28
Trump Prepares Order to Limit Social Media Companies’ Protections,The New York Times,https://www.nytimes.com/2020/05/28/us/politics/trump-executive-order-social-media.html,2020-05-28
Will President Trump Stand With Hong Kong?,The New York Times,https://www.nytimes.com/2020/05/27/opinion/china-hong-kong-law-protests.html,2020-05-28
The Wonderful World of Trump Worsts,The New York Times,https://www.nytimes.com/2020/05/27/opinion/donald-trump.html,2020-05-28
"Twitter Tsks, and Trump Fumes",The New York Times,https://www.nytimes.com/2020/05/27/opinion/twitter-trump-fact-checking.html,2020-05-27
Trump Will Have His Coronation,The New York Times,https://www.nytimes.com/2020/05/27/opinion/coronavirus-trump-north-carolina.html,2020-05-27
Rosenstein to Testify on Russia Inquiry to Panel Led by Trump Ally,The New York Times,https://www.nytimes.com/2020/05/27/us/politics/senate-hearing-russia-justice-department-rosenstein.html,2020-05-27
"House Passes Uighur Human Rights Bill, Prodding Trump to Punish China",The New York Times,https://www.nytimes.com/2020/05/27/us/politics/house-uighurs-china-sanctions.html,2020-05-27
Twitter Comes Under Attack From Trump’s Supporters,The New York Times,https://www.nytimes.com/2020/05/27/technology/trump-twitter.html,2020-05-27
States Sue to Block Trump From Weakening Fuel Economy Rules,The New York Times,https://www.nytimes.com/2020/05/27/climate/lawsuit-fuel-economy-climate.html,2020-05-27
"At Cape Canaveral, Trump’s Search for a Heroic Narrative Is Thwarted",The New York Times,https://www.nytimes.com/2020/05/27/us/politics/trump-spacex-launch.html,2020-05-27
What Would Happen if Twitter Banned Trump?,The New York Times,https://www.nytimes.com/2020/05/27/opinion/trump-twitter-ban.html,2020-05-27
Trump’s Economic Advisers Are Wrong,The New York Times,https://www.nytimes.com/2020/05/27/opinion/coronavirus-economy-stimulus.html,2020-05-27
"Trump’s False Tweets, and Twitter’s Response",The New York Times,https://www.nytimes.com/2020/05/27/opinion/letters/trump-false-tweets.html,2020-05-27
‘Ugly Even for Him’: Trump’s Usual Allies Recoil at His Smear of MSNBC Host,The New York Times,https://www.nytimes.com/2020/05/27/business/media/trump-joe-scarborough-conservative-media.html,2020-05-27
"‘It Was a Good Conversation,’ Cuomo Says of Meeting With Trump",The New York Times,https://www.nytimes.com/video/us/politics/100000007159001/new-york-governor-andrew-cuomo-press-conference-coronavirus.html,2020-05-27
"Trump Said, ‘I Have the Best Words.’ Now They’re Hers.",The New York Times,https://www.nytimes.com/2020/05/27/arts/television/trump-sarah-cooper.html,2020-05-27
Cuomo Meets With Trump at White House,The New York Times,https://www.nytimes.com/2020/05/27/nyregion/coronavirus-new-york-cases-deaths.html,2020-05-27
Trump Plays the Old Conspiracy Theory Hits,The New York Times,https://www.nytimes.com/2020/05/27/us/politics/trump-scarborough-twitter.html,2020-05-27
This Anti-Trump Ad Is Just the Beginning of a Narrative Free-for-All,The New York Times,https://www.nytimes.com/2020/05/27/magazine/this-anti-trump-ad-is-just-the-beginning-of-a-narrative-free-for-all.html,2020-05-27
Trump Denies Making Fun of Biden for Wearing Mask,The New York Times,https://www.nytimes.com/video/us/politics/100000007157773/trump-biden-mask.html,2020-05-27
Will Twitter Draw a Line for Trump?,The New York Times,https://www.nytimes.com/2020/05/26/us/politics/trump-twitter-kara-swisher.html,2020-05-26
Biden Calls Trump a ‘Fool’ for Not Wearing Mask in Coronavirus Crisis,The New York Times,https://www.nytimes.com/2020/05/26/us/politics/joe-biden-facemasks-trump-coronavirus.html,2020-05-26
Twitter Refutes Inaccuracies in Trump’s Tweets About Mail-In Voting,The New York Times,https://www.nytimes.com/2020/05/26/technology/twitter-trump-mail-in-ballots.html,2020-05-26
Twitter Grapples Anew With Its Trump Conundrum,The New York Times,https://www.nytimes.com/2020/05/26/technology/trump-twitter-scarborough.html,2020-05-26
Trump Wants Troops in Afghanistan Home by Election Day.,The New York Times,https://www.nytimes.com/2020/05/26/world/asia/afghanistan-troop-withdrawal-election-day.html,2020-05-26
Trump Pushes a Conspiracy Theory That Falsely Accuses a TV Host of Murder,The New York Times,https://www.nytimes.com/2020/05/26/us/politics/klausutis-letter-jack-dorsey.html,2020-05-26
Trump Bolsters Staff for Election With New Deputy Campaign Manager,The New York Times,https://www.nytimes.com/2020/05/26/us/politics/trump-campaign-bill-stepien.html,2020-05-26
Inside the Dizzying Effort to Pitch Trump to Black Voters,The New York Times,https://www.nytimes.com/2020/05/26/us/politics/trump-biden-black-voters.html,2020-05-26
Twitter Must Cleanse the Trump Stain,The New York Times,https://www.nytimes.com/2020/05/26/opinion/trump-scarborough-twitter.html,2020-05-26
The Brutal Clarity of the Trump-McConnell Plan to Protect Businesses,The New York Times,https://www.nytimes.com/2020/05/25/opinion/trump-mcconnell-reopening.html,2020-05-25
Trump Threatens to Pull Republican National Convention From North Carolina,The New York Times,https://www.nytimes.com/2020/05/25/us/politics/trump-rnc-north-carolina.html,2020-05-25
"Donald Trump, Joe Biden and the Vote of the Irish",The New York Times,https://www.nytimes.com/2020/05/25/opinion/trump-biden-irish-americans.html,2020-05-25
"Honors Memorial Day, Trump Threatens to Move Republican Convention",The New York Times,https://www.nytimes.com/2020/05/25/world/coronavirus-news-cases-deaths.html,2020-05-25
Biden Can Beat Trump … if He Doesn’t Blow It,The New York Times,https://www.nytimes.com/2020/05/24/opinion/biden-trump-coronavirus.html,2020-05-25
"Trump Tweets and Golfs, but Makes No Mention of Virus’s Toll",The New York Times,https://www.nytimes.com/2020/05/24/us/politics/trump-coronavirus-death-toll.html,2020-05-24
"As Trump Pushes for Reopenings, Congregations Choose Safety Over Haste",The New York Times,https://www.nytimes.com/2020/05/24/us/coronavirus-church-trump.html,2020-05-24
Trump Promotes Posts From Racist and Sexist Twitter Feed,The New York Times,https://www.nytimes.com/2020/05/24/us/politics/trump-tweets-racist.html,2020-05-24
Trump Sows Doubt on Voting.,The New York Times,https://www.nytimes.com/2020/05/24/us/politics/trump-2020-election-voting-rights.html,2020-05-24
"Trump Bans Travel From Brazil, Citing Pandemic",The New York Times,https://www.nytimes.com/2020/05/24/world/coronavirus-news-update.html,2020-05-24
"Covid Dreams, Trump Nightmares",The New York Times,https://www.nytimes.com/2020/05/23/opinion/sunday/trump-mask-coronavirus.html,2020-05-23
"Firing a Salvo in Culture Wars, Trump Pushes for Churches to Reopen",The New York Times,https://www.nytimes.com/2020/05/22/us/politics/trump-churches-coronavirus.html,2020-05-22
Trump’s Press Secretary Displays One of His Checks in a Little Too Much Detail,The New York Times,https://www.nytimes.com/2020/05/22/us/politics/coronavirus-trump-press-secretary-check.html,2020-05-22
Trump Takes Aim at a Watergate Reform: The Independent Inspector General,The New York Times,https://www.nytimes.com/2020/05/22/us/politics/trump-inspectors-general.html,2020-05-22
"‘We Need More Prayer,’ Trump Says, Calling Houses of Worship ‘Essential’",The New York Times,https://www.nytimes.com/video/us/politics/100000007153471/trump-worship-coronavirus.html,2020-05-22
Trump Suggests Virus Death Count Is Inflated.,The New York Times,https://www.nytimes.com/2020/05/22/us/politics/coronavirus-trump-death-toll.html,2020-05-22
"He Says Trumps Cost Him $2 Million, but Hotelier Now Cheers Federal Assist",The New York Times,https://www.nytimes.com/2020/05/22/us/hotel-coronavirus-trump.html,2020-05-22
Malaria Drug Taken by Trump Is Tied to Increased Risk of Heart Problems and Death in New Study,The New York Times,https://www.nytimes.com/2020/05/22/health/malaria-drug-trump-coronavirus.html,2020-05-22
Biden Apologizes for Saying Black Voters ‘Ain’t Black’ if They’re Considering Trump,The New York Times,https://www.nytimes.com/2020/05/22/us/politics/joe-biden-black-breakfast-club.html,2020-05-22
How the Trump Effect Could Lift Democratic Senate Candidates,The New York Times,https://www.nytimes.com/2020/05/22/us/politics/polling-senate-races.html,2020-05-22
Seth Meyers Likens Trump to a Bad Houseguest,The New York Times,https://www.nytimes.com/2020/05/22/arts/television/late-night-trump-mask-michigan.html,2020-05-22
"In Michigan Visit, Trump Forgoes Criticism and Talks About the Economy and the Flood",The New York Times,https://www.nytimes.com/2020/05/21/us/politics/trump-michigan-visit.html,2020-05-21
"‘I Look Better in the Mask,’ Trump Says",The New York Times,https://www.nytimes.com/video/us/politics/100000007151882/trump-mask-ford-coronavirus.html,2020-05-21
China’s Hong Kong Crackdown Could Put Trump in an Unwelcome Spot,The New York Times,https://www.nytimes.com/2020/05/21/us/politics/trump-china-hong-kong.html,2020-05-21
Trump’s Inaccurate Claims on Hydroxychloroquine,The New York Times,https://www.nytimes.com/2020/05/21/us/politics/trump-fact-check-hydroxychloroquine-coronavirus-.html,2020-05-21
"As Trump Rails Against Voting by Mail, States Open the Door for It",The New York Times,https://www.nytimes.com/2020/05/21/us/vote-by-mail-trump.html,2020-05-21
Trump Will Withdraw From Open Skies Arms Control Treaty,The New York Times,https://www.nytimes.com/2020/05/21/us/politics/trump-open-skies-treaty-arms-control.html,2020-05-21
"For Spy Agencies, Briefing Trump Is a Test of Holding His Attention",The New York Times,https://www.nytimes.com/2020/05/21/us/politics/presidents-daily-brief-trump.html,2020-05-21
Trevor Noah: Trump Will Get Crazier the Closer He Gets to Election Day,The New York Times,https://www.nytimes.com/2020/05/21/arts/television/late-night-trump-election-mail-michigan.html,2020-05-21
"Trump’s Vaccine Chief Has Vast Ties to Drug Industry, Posing Possible Conflicts",The New York Times,https://www.nytimes.com/2020/05/20/health/coronavirus-vaccine-czar.html,2020-05-21
"Michael Cohen, Ex-Trump Lawyer, Leaves Prison Early Because of Virus",The New York Times,https://www.nytimes.com/2020/05/20/nyregion/michael-cohen-coronavirus-prison-release.html,2020-05-21
We’ve Got Way Too Many Trumps,The New York Times,https://www.nytimes.com/2020/05/20/opinion/trump-children.html,2020-05-20
Trump Says He Is ‘Considering’ Hosting G7 Summit at Camp David,The New York Times,https://www.nytimes.com/2020/05/20/us/politics/trump-g7-coronavirus.html,2020-05-20
Trump’s Dilemma: Reject DeVos Debt Forgiveness Rollback or Anger Veterans,The New York Times,https://www.nytimes.com/2020/05/20/us/politics/trump-betsy-devos-student-debt-forgiveness.html,2020-05-20
Over Trump’s Firing of Inspectors General,The New York Times,https://www.nytimes.com/2020/05/20/us/politics/biden-trump-inspectors-general.html,2020-05-20
"Senate Panel, Urged On by Trump, Subpoenas Biden-Related Material",The New York Times,https://www.nytimes.com/2020/05/20/us/politics/trump-biden-subpoena.html,2020-05-20
Can Trump Withhold Funds?,The New York Times,https://www.nytimes.com/2020/05/20/us/politics/trump-mail-in-voting-absentee-ballots.html,2020-05-20
"Trump Steps Up Attacks on Mail Vote, Making False Claims About Fraud",The New York Times,https://www.nytimes.com/2020/05/20/us/politics/trump-michigan-vote-by-mail.html,2020-05-20
"What Elvis, Michael Jackson and Trump Have in Common",The New York Times,https://www.nytimes.com/2020/05/20/opinion/trump-hydroxychloroquine-vaccine.html,2020-05-20
Trump Judges or Federalist Society Judges?,The New York Times,https://www.nytimes.com/2020/05/20/opinion/trump-judges-federalist-society.html,2020-05-20
Jimmy Kimmel Calls Trump a ‘Hydroxymoron’,The New York Times,https://www.nytimes.com/2020/05/20/arts/television/jimmy-kimmel-trump-hydroxychloroquine.html,2020-05-20
I Didn’t Expect Trump’s Impeachment or a Pandemic.,The New York Times,https://www.nytimes.com/2020/05/20/opinion/volodymyr-zelensky-ukraine-coronavirus.html,2020-05-20
Azar Defends Trump’s Use of Hydroxychloroquine,The New York Times,https://www.nytimes.com/video/us/politics/100000007147157/azar-trump-hydroxychloroquine-coronavirus.html,2020-05-19
Members Reject Trump’s Demands but Agree to Study Its Virus Response,The New York Times,https://www.nytimes.com/2020/05/19/us/politics/trump-who-coronavirus.html,2020-05-19
Is Trump Challenging Mother Nature to a Duel?,The New York Times,https://www.nytimes.com/2020/05/19/opinion/trump-coronavirus.html,2020-05-19
Trump Is Playing the China Card.,The New York Times,https://www.nytimes.com/2020/05/19/opinion/trump-biden-china.html,2020-05-19
The Risks of Trump’s Hydroxychloroquine Hype,The New York Times,https://www.nytimes.com/2020/05/19/opinion/trump-hydroxychloroquine-coronavirus.html,2020-05-19
‘This Is Futile’: China Criticizes Trump’s W.H.O.,The New York Times,https://www.nytimes.com/video/world/asia/100000007146823/coronavirus-china-trump-whohtml.html,2020-05-19
Trump on Hydroxychloroquine,The New York Times,https://www.nytimes.com/2020/05/19/opinion/letters/trump-hydroxychloroquine.html,2020-05-19
Lesson of the Day: ‘The Trump Administration Is Reversing Nearly 100 Environmental Rules.,The New York Times,https://www.nytimes.com/2020/05/19/learning/lesson-of-the-day-the-trump-administration-is-reversing-nearly-100-environmental-rules-heres-the-full-list.html,2020-05-19
Trump’s Purge of the Watchdogs,The New York Times,https://www.nytimes.com/2020/05/19/podcasts/the-daily/inspector-general-firing-trump.html,2020-05-19
Donald Trump Doesn’t Want Authority,The New York Times,https://www.nytimes.com/2020/05/19/opinion/coronavirus-trump-orban.html,2020-05-19
Trump to Tap New Company to Make Covid-19 Drugs in the U.S.,The New York Times,https://www.nytimes.com/2020/05/18/us/politics/trump-coronavirus-drug-manufacturing.html,2020-05-19
"Trump Says He’s Taking Hydroxychloroquine, Prompting Warning From Health Experts",The New York Times,https://www.nytimes.com/2020/05/18/us/politics/trump-hydroxychloroquine-covid-coronavirus.html,2020-05-19
What to Know About the Malaria Drug Trump Says He Is Using,The New York Times,https://www.nytimes.com/article/hydroxychloroquine-coronavirus.html,2020-05-19
"‘Never Heard of Him,’ Trump Says of Inspector General He Fired",The New York Times,https://www.nytimes.com/video/us/politics/100000007145904/trump-pompeo-inspector-general-firing.html,2020-05-19
"‘I Happen to Be Taking It,’ Trump Says of Hydroxychloroquine",The New York Times,https://www.nytimes.com/video/us/politics/100000007145496/trump-hydroxychloroquine-coronavirus.html,2020-05-18
How Immigrant Twin Brothers Are Beating Trump’s Team on Facebook,The New York Times,https://www.nytimes.com/2020/05/18/us/politics/occupy-democrats-facebook.html,2020-05-18
Investigator Fired by Trump Had Examined Weapons Sales to Saudis and Emiratis,The New York Times,https://www.nytimes.com/2020/05/18/us/politics/pompeo-trump-linick-inspector-general-firing.html,2020-05-18
Barr Dismisses Trump’s Claim That Russia Inquiry Was an Obama Plot,The New York Times,https://www.nytimes.com/2020/05/18/us/politics/barr-trump-obama.html,2020-05-18
Trump Threatens to Leave W.H.O.,The New York Times,https://www.nytimes.com/2020/05/18/us/coronavirus-updates.html,2020-05-18
"Passed By for Decades, Clarence Thomas Is a New Symbol of the Trump Era",The New York Times,https://www.nytimes.com/2020/05/18/us/politics/clarence-thomas-supreme-court.html,2020-05-18
Obama Lives in Trump’s Head,The New York Times,https://www.nytimes.com/2020/05/17/opinion/trump-obama.html,2020-05-17
Trump Looks Forward to the Return of Sports With Crowds,The New York Times,https://www.nytimes.com/2020/05/17/sports/golf/rory-mcilroy-trump-pga.html,2020-05-17
Don’t Ask President Trump,The New York Times,https://www.nytimes.com/2020/05/17/opinion/coronavirus-us-death-toll.html,2020-05-17
I’ll Take Biden’s Confusion Over Trump’s Corruption,The New York Times,https://www.nytimes.com/2020/05/17/opinion/trump-biden-age.html,2020-05-17
Donald Trump Jr. Smears Biden With Baseless Instagram Post,The New York Times,https://www.nytimes.com/2020/05/16/us/donald-trump-jr-biden-smear.html,2020-05-16
Trump Ousted State Dept.,The New York Times,https://www.nytimes.com/2020/05/16/us/politics/linick-investigation-pompeo.html,2020-05-16
Trump Removes State Dept.,The New York Times,https://www.nytimes.com/2020/05/16/us/politics/trump-state-dept-inspector-general.html,2020-05-16
Trump Blames Tests and Obama,The New York Times,https://www.nytimes.com/2020/05/15/opinion/letters/coronavirus-trump.html,2020-05-15
"‘Geriatric,’ ‘China’s Puppet’: Trump Campaign Unleashes Ads Attacking Biden",The New York Times,https://www.nytimes.com/2020/05/15/us/politics/trump-ads-joe-biden.html,2020-05-15
"Trump Vows Vaccine by End of Year, and Mobilizes Military to Help",The New York Times,https://www.nytimes.com/2020/05/15/us/politics/coronavirus-vaccine-timeline.html,2020-05-15
Trump’s Ratings on the Virus Are Sagging.,The New York Times,https://www.nytimes.com/2020/05/15/us/politics/biden-trump-polls.html,2020-05-15
Trump Is Following in Herbert Hoover’s Footsteps,The New York Times,https://www.nytimes.com/2020/05/15/opinion/coronavirus-trump-hoover.html,2020-05-15
"Trump, Biden and the Myth of ‘But 2016’",The New York Times,https://www.nytimes.com/2020/05/15/us/politics/trump-vs-biden-polls.html,2020-05-15
Trump to Name Brooke Rollins as Domestic Policy Adviser,The New York Times,https://www.nytimes.com/2020/05/14/us/politics/trump-brooke-rollins-domestic-policy-council.html,2020-05-15
"Changing Subject Amid a Pandemic, Trump Turns to an Old Ploy: Blame Obama",The New York Times,https://www.nytimes.com/2020/05/14/us/politics/trump-obama.html,2020-05-15
"Trump’s Ad Team Blitzes Biden, Spending Millions to Define Him Early in the Race",The New York Times,https://www.nytimes.com/2020/05/14/us/politics/trump-biden-attack-ads.html,2020-05-15
District of Columbia Is Investigating Trump Nominee to Lead Media Agency,The New York Times,https://www.nytimes.com/2020/05/14/us/politics/michael-pack-trump-nominee.html,2020-05-14
"In 3 Key States That Elected Trump, Bitter Divisions on Reopening",The New York Times,https://www.nytimes.com/2020/05/14/us/coronavirus-wisconsin-pennsylvania-michigan.html,2020-05-14
"Is Set to Build a U.S. Chip Facility, a Win for Trump",The New York Times,https://www.nytimes.com/2020/05/14/technology/trump-tsmc-us-chip-facility.html,2020-05-14
Trump’s Criticism of Fauci,The New York Times,https://www.nytimes.com/2020/05/14/opinion/letters/coronavirus-trump-fauci.html,2020-05-14
Appeals Court Allows Emoluments Suit Against Trump to Proceed,The New York Times,https://www.nytimes.com/2020/05/14/us/politics/trump-emoluments-clause-fourth-circuit.html,2020-05-14
Trump White House Changes Its Story on Michael Flynn,The New York Times,https://www.nytimes.com/2020/05/14/us/politics/trump-michael-flynn.html,2020-05-14
Trump’s Low Approval Ratings Don’t Surprise Seth Meyers,The New York Times,https://www.nytimes.com/2020/05/14/arts/television/late-night-trump-low-approval-rating.html,2020-05-14
Trump Administration Plans to Extend Virus Border Restrictions Indefinitely,The New York Times,https://www.nytimes.com/2020/05/13/us/politics/trump-coronavirus-border-restrictions.html,2020-05-14
Trump Pointedly Criticizes Fauci for His Testimony to Congress,The New York Times,https://www.nytimes.com/2020/05/13/us/politics/fauci-trump-coronavirus.html,2020-05-14
